Alexander supposedly said after this incident that he had never been so lucky in his entire career .	supposedly said	Alexander	after this incident that he had never been so lucky in his entire career
﻿Alexander supposedly said after this incident that he had never been so lucky in his entire career .	had never been so lucky	he	in his entire career	C: Alexander supposedly said	T: after this incident
One of the prisoners , Kasim Mehaddi Hilas , said that one day he asked Graner for the time so that he could pray .	is	Kasim Mehaddi Hilas	One of the prisoners
One of the prisoners , Kasim Mehaddi Hilas , said that one day he asked Graner for the time so that he could pray .	said that	Kasim Mehaddi Hilas	one day he asked Graner for the time so that he could pray
One of the prisoners , Kasim Mehaddi Hilas , said that one day he asked Graner for the time so that he could pray .	asked Graner	he	for the time so that he could pray	C: Kasim Mehaddi Hilas said that
One of the prisoners , Kasim Mehaddi Hilas , said that one day he asked Graner for the time so that he could pray .	asked Graner for the time	he	so that he could pray	C: Kasim Mehaddi Hilas said that
A Coca - Cola spokesman said it is too early to say how the joint venture would be structured , or how much the company would invest in the transaction .	said	A Coca - Cola spokesman	it is too early to say how the joint venture would be structured
A Coca - Cola spokesman said it is too early to say how the joint venture would be structured , or how much the company would invest in the transaction .	is too early to say	it	how the joint venture would be structured	C: A Coca - Cola spokesman said
A Coca - Cola spokesman said it is too early to say how the joint venture would be structured , or how much the company would invest in the transaction .	how the joint venture	it is too early to say	would be structured	C: A Coca - Cola spokesman said
A Coca - Cola spokesman said it is too early to say how the joint venture would be structured , or how much the company would invest in the transaction .	said	A Coca - Cola spokesman	it is too early to say how much the company would invest in the transaction
A Coca - Cola spokesman said it is too early to say how the joint venture would be structured , or how much the company would invest in the transaction .	is too early to say	it	how much the company would invest in the transaction	C: A Coca - Cola spokesman said
A Coca - Cola spokesman said it is too early to say how the joint venture would be structured , or how much the company would invest in the transaction .	how much the company would invest	it is too early to say	in the transaction	C: A Coca - Cola spokesman said
A Coke spokesman said he could n't say whether that is the direction of the talks .	said	A Coke spokesman	he could n't say whether that is the direction of the talks
A Coke spokesman said he could n't say whether that is the direction of the talks .	could n't say	he	whether that is the direction of the talks	C: A Coke spokesman said
A Ford spokesman said the Dearborn , Mich. , auto maker is n't aware of any injuries caused by the windshield problem .	is	*(Ford	Dearborn, Mich. , auto maker) -> ask mausa
A Ford spokesman said the Dearborn , Mich. , auto maker is n't aware of any injuries caused by the windshield problem .	said	A Ford spokesman	the Dearborn , Mich. , auto maker is n't aware of any injuries caused by the windshield problem
A Ford spokesman said the Dearborn , Mich. , auto maker is n't aware of any injuries caused by the windshield problem .	is n't aware of	the Dearborn , Mich. , auto maker	any injuries caused by the windshield problem	C: A Ford spokesman said
A bomb exploded at a leftist union hall in San Salvador , killing at least eight people and injuring about 30 others , including two Americans , authorities said .	is	a union hall in San Salvador	leftist
A bomb exploded at a leftist union hall in San Salvador , killing at least eight people and injuring about 30 others , including two Americans , authorities said .	exploded at	A bomb	a leftist union hall in San Salvador
A bomb exploded at a leftist union hall in San Salvador , killing at least eight people and injuring about 30 others , including two Americans , authorities said .	said	authorities	A bomb exploded at a leftist union hall in San Salvador , killing at least eight people
A bomb exploded at a leftist union hall in San Salvador , killing at least eight people and injuring about 30 others , including two Americans , authorities said .	said	authorities	A bomb exploded at a leftist union hall in San Salvador , injuring about 30 people , including two Americans
A bomb exploded at a leftist union hall in San Salvador , killing at least eight people and injuring about 30 others , including two Americans , authorities said .	said	authorities	A bomb exploded at a leftist union hall in San Salvador , injuring two Americans
A bomb exploded at a leftist union hall in San Salvador , killing at least eight people and injuring about 30 others , including two Americans , authorities said .	at least eight people	A bomb exploded at a leftist union hall in San Salvador, killing	C: authorities said
A bomb exploded at a leftist union hall in San Salvador , killing at least eight people and injuring about 30 others , including two Americans , authorities said .	exploded	A bomb	at a leftist union hall in San Salvador, killing at least eight people	C: authorities said
A bomb exploded at a leftist union hall in San Salvador , killing at least eight people and injuring about 30 others , including two Americans , authorities said .	about 30 people , including two Americans	A bomb exploded at a leftist union hall in San Salvador, injuring	C: authorities said
A bomb exploded at a leftist union hall in San Salvador , killing at least eight people and injuring about 30 others , including two Americans , authorities said .	exploded	A bomb	at a leftist union hall in San Salvador, injuring about 30 people , including two Americans	C: authorities said
A bomb exploded at a leftist union hall in San Salvador , killing at least eight people and injuring about 30 others , including two Americans , authorities said .	two Americans	A bomb exploded at a leftist union hall in San Salvador, injuring	C: authorities said
A bomb exploded at a leftist union hall in San Salvador , killing at least eight people and injuring about 30 others , including two Americans , authorities said .	exploded	A bomb	at a leftist union hall in San Salvador, injuring two Americans	C: authorities said
About 60 % of the work force will continue with Gillette or transfer to Twins Pharmaceuticals , the company said .	said	the company	About 60 % of the work force will continue with Gillette or transfer to Twins Pharmaceuticals
About 60 % of the work force will continue with Gillette or transfer to Twins Pharmaceuticals , the company said .	will continue with Gillette or transfer to	About 60 % of the work force	Twins Pharmaceuticals	C: the company said
About 60 % of the work force will continue with Gillette or transfer to Twins Pharmaceuticals , the company said .	will continue with	About 60 % of the work force	Gillette or transfer to Twins Pharmaceuticals	C: the company said
And with Al 's record of being a delver and a detail guy , you can see how the two fit , '' said Alan Gottesman , an analyst with PaineWebber .	is	Alan Gottesman	an analyst
And with Al 's record of being a delver and a detail guy , you can see how the two fit , '' said Alan Gottesman , an analyst with PaineWebber .	is	Alan Gottesman	an analyst with PaineWebber
And with Al 's record of being a delver and a detail guy , you can see how the two fit , '' said Alan Gottesman , an analyst with PaineWebber .	said	Alan Gottesman , an analyst with PaineWebber	And with Al 's record of being a delver and a detail guy , you can see how the two fit , ''
And with Al 's record of being a delver and a detail guy , you can see how the two fit , '' said Alan Gottesman , an analyst with PaineWebber .	of being a delver and a detail guy	And with Al 's record	you can see how the two fit	C: Alan Gottesman said
But Judge Keenan said that privilege is meant to protect private utterances -- not litigation papers filed with foreign governments , as Mrs. Marcos 's attorneys maintained	said that	Judge Keenan	privilege is meant to protect private utterances -- not litigation papers filed with foreign governments , as Mrs. Marcos 's attorneys maintained
But Judge Keenan said that privilege is meant to protect private utterances -- not litigation papers filed with foreign governments , as Mrs. Marcos 's attorneys maintained	is meant to	privilege	protect private utterances	C: Judge Keenan said that
But Judge Keenan said that privilege is meant to protect private utterances -- not litigation papers filed with foreign governments , as Mrs. Marcos 's attorneys maintained	is not meant to	privilege	protect litigation papers filed with foreign governments	C: Judge Keenan said that
But Judge Keenan said that privilege is meant to protect private utterances -- not litigation papers filed with foreign governments , as Mrs. Marcos 's attorneys maintained	maintained	Mrs. Marcos 's attorneys	that privilege is meant to protect litigation papers filed with foreign governments
But Mr. Simonds-Gooding said he is n't talking to any studios about investing .	said	Mr. Simonds-Gooding	he is n't talking to any studios about investing
But Mr. Simonds-Gooding said he is n't talking to any studios about investing .	is n't talking to	he	any studios about investing	C: Mr. Simonds-Gooding said
Conservatives are the faction in U.S. politics which always said that Mr. Ortega and his friends do n't want to hold an election in Nicaragua .	which always said that	Conservatives are the faction in U.S. politics	Mr. Ortega and his friends do n't want to hold an election in Nicaragua
Conservatives are the faction in U.S. politics which always said that Mr. Ortega and his friends do n't want to hold an election in Nicaragua .	do n't want to hold	Mr. Ortega and his friends	an election in Nicaragua	C: Conservatives always said that
Conservatives are the faction in U.S. politics which always said that Mr. Ortega and his friends do n't want to hold an election in Nicaragua .	are a	Conservatives	faction in U.S. politics
Despite what some investors are suggesting , the Big Board is n't even considering a total ban on program trading or stock futures , exchange officials said .	said	exchange officials	Despite what some investors are suggesting , the Big Board is n't even considering a total ban on program trading or stock futures
Despite what some investors are suggesting , the Big Board is n't even considering a total ban on program trading or stock futures , exchange officials said .	is n't even considering	the Big Board	a total ban on program trading or stock futures	C: exchange officials said
Despite what some investors are suggesting , the Big Board is n't even considering a total ban on program trading or stock futures , exchange officials said .	are suggesting	some investors	a total ban on program trading or stock futures	C: exchange officials said
Gen - Probe Inc. , a biotechnology concern , said it signed a definitive agreement to be acquired by Chugai Pharmaceutical Co. of Tokyo for about $ 110 million , or almost double the market price of Gen - Probe 's stock .	is	Gen - Probe Inc.	a biotechnology concern
Gen - Probe Inc. , a biotechnology concern , said it signed a definitive agreement to be acquired by Chugai Pharmaceutical Co. of Tokyo for about $ 110 million , or almost double the market price of Gen - Probe 's stock .	said	Gen - Probe Inc. , a biotechnology concern	it signed a definitive agreement to be acquired by Chugai Pharmaceutical Co. of Tokyo for about $ 110 million
Gen - Probe Inc. , a biotechnology concern , said it signed a definitive agreement to be acquired by Chugai Pharmaceutical Co. of Tokyo for about $ 110 million , or almost double the market price of Gen - Probe 's stock .	signed	it	a definitive agreement to be acquired	by Chugai Pharmaceutical Co. of Tokyo	for about $ 110 million	C: Gen - Probe Inc. said
Gen - Probe Inc. , a biotechnology concern , said it signed a definitive agreement to be acquired by Chugai Pharmaceutical Co. of Tokyo for about $ 110 million , or almost double the market price of Gen - Probe 's stock .	said	Gen - Probe Inc. , a biotechnology concern	it signed a definitive agreement to be acquired by Chugai Pharmaceutical Co. of Tokyo for almost double the market price of Gen - Probe 's stock
Gen - Probe Inc. , a biotechnology concern , said it signed a definitive agreement to be acquired by Chugai Pharmaceutical Co. of Tokyo for about $ 110 million , or almost double the market price of Gen - Probe 's stock .	signed	it	a definitive agreement to be acquired	by Chugai Pharmaceutical Co. of Tokyo	for almost double the market price of Gen - Probe 's stock	C: Gen - Probe Inc. said
He said it has n't yet been determined how the RTC will raise the cash , but the administration does n't want it to be included on the federal budget , because it would `` distort '' the budget process by requiring either exemptions from Gramm-Rudman or big increases in the budget deficit .	said	He	it has n't yet been determined how the RTC will raise the cash , but the administration does n't want it to be included on the federal budget , because it would `` distort '' the budget process by requiring either exemptions from Gramm-Rudman or big increases in the budget deficit
He said it has n't yet been determined how the RTC will raise the cash , but the administration does n't want it to be included on the federal budget , because it would `` distort '' the budget process by requiring either exemptions from Gramm-Rudman or big increases in the budget deficit .	has n't yet been determined	it	how the RTC will raise the cash	C: He said
He said it has n't yet been determined how the RTC will raise the cash , but the administration does n't want it to be included on the federal budget , because it would `` distort '' the budget process by requiring either exemptions from Gramm-Rudman or big increases in the budget deficit .	does n't want	administration	it to be included on the federal budget	because it would `` distort '' the budget process by requiring either exemptions from Gramm-Rudman or big increases in the budget deficit .t	C: He said
Healthcare International Inc. said it reached a 120 - day standstill agreement with its HealthVest affiliate calling for Healthcare to pay HealthVest $ 5 million right away and additional amounts in the future .	said	Healthcare International Inc.	it reached a 120 - day standstill agreement with its HealthVest affiliate calling for Healthcare to pay HealthVest $ 5 million right away and additional amounts in the future
Healthcare International Inc. said it reached a 120 - day standstill agreement with its HealthVest affiliate calling for Healthcare to pay HealthVest $ 5 million right away and additional amounts in the future .	reached	it	a 120 - day standstill agreement	with its HealthVest affiliate	calling for Healthcare to pay HealthVest $ 5 million right away and additional amounts in the future	C: Healthcare International Inc. said
His recent appearance at the Metropolitan Museum , dubbed `` A Musical Odyssey , '' was a case in point .	recent appearance	His	dubbed `` A Musical Odyssey , '' was a case in point	L: at the Metropolitan Museum
However , Paul Johanson , Monsanto 's director of plant sciences , said the company 's chemical spray overcomes these problems and is `` gentle on the female organ . ''	is	Paul Johanson	Monsanto 's director of plant sciences
However , Paul Johanson , Monsanto 's director of plant sciences , said the company 's chemical spray overcomes these problems and is `` gentle on the female organ . ''	said	Paul Johanson , Monsanto 's director of plant sciences	the company 's chemical spray overcomes these problems and is `` gentle on the female organ . ''
However , Paul Johanson , Monsanto 's director of plant sciences , said the company 's chemical spray overcomes these problems and is `` gentle on the female organ . ''	overcomes these problems	the company 's chemical spray	C: Paul Johanson said
However , Paul Johanson , Monsanto 's director of plant sciences , said the company 's chemical spray overcomes these problems and is `` gentle on the female organ . ''	is	the company 's chemical spray	`` gentle on the female organ . ''	C: Paul Johanson said
In that decision , the high court said a company must prove that the government approved precise specifications for the contract , that those specifications were met and that the government was warned of any dangers in use of the equipment .	said	the high court	a company must prove that the government approved precise specifications for the contract , that those specifications were met and that the government was warned of any dangers in use of the equipment
In that decision , the high court said a company must prove that the government approved precise specifications for the contract , that those specifications were met and that the government was warned of any dangers in use of the equipment .	must prove	a company	that the government approved precise specifications for the contract	C: the high court said
In that decision , the high court said a company must prove that the government approved precise specifications for the contract , that those specifications were met and that the government was warned of any dangers in use of the equipment .	must prove	a company	that those specifications were met	C: the high court said
In that decision , the high court said a company must prove that the government approved precise specifications for the contract , that those specifications were met and that the government was warned of any dangers in use of the equipment .	must prove	a company	that the government was warned of any dangers in use of the equipment	C: the high court said
It said financing would consist of $ 250 million from a private placement obtained through Shearson Lehman Hutton Inc. and a $ 150 million revolving credit line underwritten by Chase Manhattan Bank .	said	It	financing would consist of $ 250 million from a private placement obtained through Shearson Lehman Hutton Inc. and a $ 150 million revolving credit line underwritten by Chase Manhattan Bank
It said financing would consist of $ 250 million from a private placement obtained through Shearson Lehman Hutton Inc. and a $ 150 million revolving credit line underwritten by Chase Manhattan Bank .	would consist of	financing	$ 250 million from a private placement	obtained through Shearson Lehman Hutton Inc.	C: It said
It said financing would consist of $ 250 million from a private placement obtained through Shearson Lehman Hutton Inc. and a $ 150 million revolving credit line underwritten by Chase Manhattan Bank .	would consist of	financing	a $ 150 million revolving credit line	underwritten by Chase Manhattan Bank	C: It said
It said the situation is caused by efforts to streamline bloated factory payrolls .	said	It	the situation is caused by efforts to streamline bloated factory payrolls
It said the situation is caused by efforts to streamline bloated factory payrolls .	is caused by	the situation	efforts to streamline bloated factory payrolls	C: It said
Jan Leemans , research director , said this gene was successfully introduced in oil - producing rapeseed plants , a major crop in Europe and Canada , using as a carrier a `` promoter gene '' developed by Robert Goldberg at the University of California in Los Angeles .	is	Jan Leemans	research director
Jan Leemans , research director , said this gene was successfully introduced in oil - producing rapeseed plants , a major crop in Europe and Canada , using as a carrier a `` promoter gene '' developed by Robert Goldberg at the University of California in Los Angeles .	said	Jan Leemans , research director	this gene was successfully introduced in oil - producing rapeseed plants , a major crop in Europe and Canada , using as a carrier a `` promoter gene '' developed by Robert Goldberg at the University of California in Los Angeles
Jan Leemans , research director , said this gene was successfully introduced in oil - producing rapeseed plants , a major crop in Europe and Canada , using as a carrier a `` promoter gene '' developed by Robert Goldberg at the University of California in Los Angeles .	is	Robert Goldberg	at the University of California in Los Angeles
Jan Leemans , research director , said this gene was successfully introduced in oil - producing rapeseed plants , a major crop in Europe and Canada , using as a carrier a `` promoter gene '' developed by Robert Goldberg at the University of California in Los Angeles .	is	oil - producing rapeseed plants	a major crop in Europe and Canada
Jan Leemans , research director , said this gene was successfully introduced in oil - producing rapeseed plants , a major crop in Europe and Canada , using as a carrier a `` promoter gene '' developed by Robert Goldberg at the University of California in Los Angeles .	was successfully introduced in	this gene	oil - producing rapeseed plants	using as a carrier a `` promoter gene ''	developed by Robert Goldberg	C: Jan Leemans said
John M. Kucharski , EG&G 's chairman and chief executive , said the acquisition `` will extend EG&G 's core technologies , strengthen its position in the European Economic Community and assure a strength and presence in the Eastern European market . ''	is	John M. Kucharski	EG&G 's chairman
John M. Kucharski , EG&G 's chairman and chief executive , said the acquisition `` will extend EG&G 's core technologies , strengthen its position in the European Economic Community and assure a strength and presence in the Eastern European market . ''	is	John M. Kucharski	EG&G 's chief executive
John M. Kucharski , EG&G 's chairman and chief executive , said the acquisition `` will extend EG&G 's core technologies , strengthen its position in the European Economic Community and assure a strength and presence in the Eastern European market . ''	said	John M. Kucharski	the acquisition `` will extend EG&G 's core technologies , strengthen its position in the European Economic Community and assure a strength and presence in the Eastern European market . ''
John M. Kucharski , EG&G 's chairman and chief executive , said the acquisition `` will extend EG&G 's core technologies , strengthen its position in the European Economic Community and assure a strength and presence in the Eastern European market . ''	will extend	the acquisition	EG&G 's core technologies	C: John M. Kucharski said
John M. Kucharski , EG&G 's chairman and chief executive , said the acquisition `` will extend EG&G 's core technologies , strengthen its position in the European Economic Community and assure a strength and presence in the Eastern European market . ''	will strengthen	the acquisition	its position in the European Economic Community	C: John M. Kucharski said
John M. Kucharski , EG&G 's chairman and chief executive , said the acquisition `` will extend EG&G 's core technologies , strengthen its position in the European Economic Community and assure a strength and presence in the Eastern European market . ''	will assure	the acquisition	a strength and presence in the Eastern European market	C: John M. Kucharski said
Meanwhile , Shearson Lehman 's Mr. Devario said that , to stay competitive , the U.S. paper industry needs to catch up with the European industry .	belongs to	Mr. Devario	Shearson Lehman
Meanwhile , Shearson Lehman 's Mr. Devario said that , to stay competitive , the U.S. paper industry needs to catch up with the European industry .	said that	Shearson Lehman 's Mr. Devario	to stay competitive , the U.S. paper industry needs to catch up with the European industry
Meanwhile , Shearson Lehman 's Mr. Devario said that , to stay competitive , the U.S. paper industry needs to catch up with the European industry .	needs to catch up	the U.S. paper industry	with the European industry	to stay competitive	C: Mr. Devario said that
Merrill also said it is lobbying for significant regulatory controls on program trading , including tough margin -- or down - payment -- requirements and limits on price moves for program - driven financial futures .	also said	Merrill	it is lobbying for significant regulatory controls on program trading , including tough margin -- or down - payment -- requirements and limits on price moves for program - driven financial futures
Merrill also said it is lobbying for significant regulatory controls on program trading , including tough margin -- or down - payment -- requirements and limits on price moves for program - driven financial futures .	is lobbying for	it	significant regulatory controls on program trading	including tough margin -- or down - payment -- requirements	C: Merrill also said
Merrill also said it is lobbying for significant regulatory controls on program trading , including tough margin -- or down - payment -- requirements and limits on price moves for program - driven financial futures .	is lobbying for	it	limits on price moves for program - driven financial futures	C: Merrill also said
Mr. Bickwit said , `` I can see why an S&L examiner would regard these as unusual activities , '' but said the overseas investments `` essentially broke even '' for the S&L .	said	Mr. Bickwit	I can see why an S&L examiner would regard these as unusual activities
Mr. Bickwit said , `` I can see why an S&L examiner would regard these as unusual activities , '' but said the overseas investments `` essentially broke even '' for the S&L .	said	Mr. Bickwit	the overseas investments `` essentially broke even '' for the S&L
Mr. Bickwit said , `` I can see why an S&L examiner would regard these as unusual activities , '' but said the overseas investments `` essentially broke even '' for the S&L .	can see why	I	an S&L examiner would regard these as unusual activities	C: Mr. Bickwit said
Mr. Bickwit said , `` I can see why an S&L examiner would regard these as unusual activities , '' but said the overseas investments `` essentially broke even '' for the S&L .	`` essentially broke even ''	the overseas investments	for the S&L	C: Mr. Bickwit said
Mr. Blair said his libel suit seeks 10 million Canadian dollars ( US$ 8.5 million ) from Canadian Express and Hees executives Manfred Walt and Willard L'Heureux .	said	Mr. Blair	his libel suit seeks 10 million Canadian dollars ( US$ 8.5 million ) from Canadian Express and Hees executives Manfred Walt and Willard L'Heureux
Mr. Blair said his libel suit seeks 10 million Canadian dollars ( US$ 8.5 million ) from Canadian Express and Hees executives Manfred Walt and Willard L'Heureux .	seeks	his libel suit	10 million Canadian dollars ( US$ 8.5 million )	from Canadian Express	C: Mr. Blair said
Mr. Blair said his libel suit seeks 10 million Canadian dollars ( US$ 8.5 million ) from Canadian Express and Hees executives Manfred Walt and Willard L'Heureux .	seeks	his libel suit	10 million Canadian dollars ( US$ 8.5 million )	from Hees executives Manfred Walt	C: Mr. Blair said
Mr. Blair said his libel suit seeks 10 million Canadian dollars ( US$ 8.5 million ) from Canadian Express and Hees executives Manfred Walt and Willard L'Heureux .	seeks	his libel suit	10 million Canadian dollars ( US$ 8.5 million )	from Hees executives Willard L'Heureux	C: Mr. Blair said
Mr. Meek said his suspicions were aroused by several foreign investments by Lincoln , including $ 22 million paid to Credit Suisse of Switzerland , an $ 18 million interest in Saudi European Bank in Paris , a $ 17.5 million investment in a Bahamas trading company , and a recently discovered holding in a Panama - based company , Southbrook Holdings .	said	Mr. Meek	his suspicions were aroused by several foreign investments by Lincoln , including $ 22 million paid to Credit Suisse of Switzerland , an $ 18 million interest in Saudi European Bank in Paris , a $ 17.5 million investment in a Bahamas trading company , and a recently discovered holding in a Panama - based company , Southbrook Holdings
Mr. Meek said his suspicions were aroused by several foreign investments by Lincoln , including $ 22 million paid to Credit Suisse of Switzerland , an $ 18 million interest in Saudi European Bank in Paris , a $ 17.5 million investment in a Bahamas trading company , and a recently discovered holding in a Panama - based company , Southbrook Holdings .	were aroused by	his suspicions	several foreign investments by Lincoln	including $ 22 million paid to Credit Suisse of Switzerland	C: Mr. Meek said
Mr. Meek said his suspicions were aroused by several foreign investments by Lincoln , including $ 22 million paid to Credit Suisse of Switzerland , an $ 18 million interest in Saudi European Bank in Paris , a $ 17.5 million investment in a Bahamas trading company , and a recently discovered holding in a Panama - based company , Southbrook Holdings .	were aroused by	his suspicions	several foreign investments by Lincoln	including an $ 18 million interest in Saudi European Bank in Paris	C: Mr. Meek said
Mr. Meek said his suspicions were aroused by several foreign investments by Lincoln , including $ 22 million paid to Credit Suisse of Switzerland , an $ 18 million interest in Saudi European Bank in Paris , a $ 17.5 million investment in a Bahamas trading company , and a recently discovered holding in a Panama - based company , Southbrook Holdings .	were aroused by	his suspicions	several foreign investments by Lincoln	including a $ 17.5 million investment in a Bahamas trading company	C: Mr. Meek said
Mr. Meek said his suspicions were aroused by several foreign investments by Lincoln , including $ 22 million paid to Credit Suisse of Switzerland , an $ 18 million interest in Saudi European Bank in Paris , a $ 17.5 million investment in a Bahamas trading company , and a recently discovered holding in a Panama - based company , Southbrook Holdings .	were aroused by	his suspicions	a recently discovered holding in a Panama - based company	C: Mr. Meek said
Mr. Robinson of Delta & Pine , the seed producer in Scott , Miss. , said Plant Genetic 's success in creating genetically engineered male steriles does n't automatically mean it would be simple to create hybrids in all crops .	the seed producer in	Delta & Pine	Scott , Miss.
Mr. Robinson of Delta & Pine , the seed producer in Scott , Miss. , said Plant Genetic 's success in creating genetically engineered male steriles does n't automatically mean it would be simple to create hybrids in all crops .	is	Mr. Robinson	of Delta & Pine
Mr. Robinson of Delta & Pine , the seed producer in Scott , Miss. , said Plant Genetic 's success in creating genetically engineered male steriles does n't automatically mean it would be simple to create hybrids in all crops .	said	Mr. Robinson	Plant Genetic 's success in creating genetically engineered male steriles does n't automatically mean it would be simple to create hybrids in all crops
Mr. Robinson of Delta & Pine , the seed producer in Scott , Miss. , said Plant Genetic 's success in creating genetically engineered male steriles does n't automatically mean it would be simple to create hybrids in all crops .	success	Plant Genetic 's	in creating genetically engineered male steriles	does n't automatically mean it would be simple to create hybrids in all crops	C: Mr. Robinson said
Orkem , France 's third - largest chemical group , said it would fund the acquisition through internal resources .	is	Orkem	France 's third - largest chemical group
Orkem , France 's third - largest chemical group , said it would fund the acquisition through internal resources .	said	Orkem	it would fund the acquisition through internal resources
Orkem , France 's third - largest chemical group , said it would fund the acquisition through internal resources .	would fund	it	the acquisition	through internal resources	C: Orkem said
People familiar with Nekoosa said its board is n't likely to meet before the week after next to respond to the bid .	said	People familiar with Nekoosa	its board is n't likely to meet before the week after next to respond to the bid
People familiar with Nekoosa said its board is n't likely to meet before the week after next to respond to the bid .	is n't likely	its board	to meet	to respond to the bid	T: before the week after next	C: People familiar with Nekoosa said
President Bush said that three members of his cabinet will lead a presidential mission to Poland to gauge how the U.S. can help the new non - Communist government 's economic changes .	said	President Bush	that three members of his cabinet will lead a presidential mission to Poland to gauge how the U.S. can help the new non - Communist government 's economic changes
President Bush said that three members of his cabinet will lead a presidential mission to Poland to gauge how the U.S. can help the new non - Communist government 's economic changes .	will lead a	three members of his cabinet	presidential mission	L: to Poland	C: President Bush said
President Bush said that three members of his cabinet will lead a presidential mission to Poland to gauge how the U.S. can help the new non - Communist government 's economic changes .	to gauge	three members of his cabinet will lead a presidential mission	how the U.S. can help the new non - Communist government 's economic changes	L: to Poland	C: President Bush said
QVC Network Inc. said it completed its acquisition of CVN Cos. for about $ 423 million .	said	QVC Network Inc.	it completed its acquisition of CVN Cos. for about $ 423 million
QVC Network Inc. said it completed its acquisition of CVN Cos. for about $ 423 million .	completed its acquisition of	it	CVN Cos.	for about $ 423 million	C: QVC Network Inc. said
Salt Lake City - based First Security , with $ 5.4 billion in assets , said the agreement is subject to shareholder and regulatory approval , and that it hopes to complete the transaction early next year .	based in	First Security	Salt Lake City
Salt Lake City - based First Security , with $ 5.4 billion in assets , said the agreement is subject to shareholder and regulatory approval , and that it hopes to complete the transaction early next year .	with	First Security	$ 5.4 billion in assets
Salt Lake City - based First Security , with $ 5.4 billion in assets , said the agreement is subject to shareholder and regulatory approval , and that it hopes to complete the transaction early next year .	said	First Security	the agreement is subject to shareholder and regulatory approval , and that it hopes to complete the transaction early next year
Salt Lake City - based First Security , with $ 5.4 billion in assets , said the agreement is subject to shareholder and regulatory approval , and that it hopes to complete the transaction early next year .	is subject to	the agreement	shareholder approval	C: First Security said
Salt Lake City - based First Security , with $ 5.4 billion in assets , said the agreement is subject to shareholder and regulatory approval , and that it hopes to complete the transaction early next year .	is subject to	the agreement	regulatory approval	C: First Security said
Salt Lake City - based First Security , with $ 5.4 billion in assets , said the agreement is subject to shareholder and regulatory approval , and that it hopes to complete the transaction early next year .	hopes	it	to complete the transaction	T: early next year	C: First Security said
Some analysts have said Courtaulds ' moves could boost the company 's value by 5 % to 10 % , because the two entities separately will carry a higher price earnings multiple than they did combined .	have said	Some analysts	Courtaulds ' moves could boost the company 's value by 5 % to 10 % , because the two entities separately will carry a higher price earnings multiple than they did combined
Some analysts have said Courtaulds ' moves could boost the company 's value by 5 % to 10 % , because the two entities separately will carry a higher price earnings multiple than they did combined .	could boost	* because relation(Courtaulds ' moves	the company 's value by 5 % to 10 %	C: Some analysts have said
Some analysts have said Courtaulds ' moves could boost the company 's value by 5 % to 10 % , because the two entities separately will carry a higher price earnings multiple than they did combined .	separately will carry	the two entities	a higher price earnings multiple than they did combined	C: Some analysts have said
Stephen McCartin , Mr. Hunt 's attorney , said his client welcomed the gamble .	is	Stephen McCartin	Mr. Hunt 's attorney
Stephen McCartin , Mr. Hunt 's attorney , said his client welcomed the gamble .	said	Stephen McCartin	his client welcomed the gamble
Stephen McCartin , Mr. Hunt 's attorney , said his client welcomed the gamble .	welcomed	his client	the gamble	C: Stephen McCartin said
T. Marshall Hahn Jr. , Georgia - Pacific 's chairman and chief executive , said in an interview that all terms of the offer are negotiable .	is	T. Marshall Hahn Jr.	Georgia - Pacific 's chairman
T. Marshall Hahn Jr. , Georgia - Pacific 's chairman and chief executive , said in an interview that all terms of the offer are negotiable .	is	T. Marshall Hahn Jr.	Georgia - Pacific 's chief executive
T. Marshall Hahn Jr. , Georgia - Pacific 's chairman and chief executive , said in an interview that all terms of the offer are negotiable .	said in an interview	T. Marshall Hahn Jr.	that all terms of the offer are negotiable
T. Marshall Hahn Jr. , Georgia - Pacific 's chairman and chief executive , said in an interview that all terms of the offer are negotiable .	are	all terms of the offer	negotiable	C: T. Marshall Hahn Jr. said in an interview
The Colombian minister was said to have referred to a letter that he said President Bush sent to Colombian President Virgilio Barco , and in which President Bush said it was possible to overcome obstacles to a new agreement .	was said to	The Colombian minister	have referred to a letter
The Colombian minister was said to have referred to a letter that he said President Bush sent to Colombian President Virgilio Barco , and in which President Bush said it was possible to overcome obstacles to a new agreement .	is	Virgilio Barco	Colombian President
The Colombian minister was said to have referred to a letter that he said President Bush sent to Colombian President Virgilio Barco , and in which President Bush said it was possible to overcome obstacles to a new agreement .	sent	President Bush	a letter to	Colombian President Virgilio Barco	C: The Colombian minister said
The Colombian minister was said to have referred to a letter that he said President Bush sent to Colombian President Virgilio Barco , and in which President Bush said it was possible to overcome obstacles to a new agreement .	said	President Bush	it was possible to overcome obstacles to a new agreement	C: In the letter the Colombian minister is said to have referred to
The Colombian minister was said to have referred to a letter that he said President Bush sent to Colombian President Virgilio Barco , and in which President Bush said it was possible to overcome obstacles to a new agreement .	was	it	possible to overcome obstacles to a new agreement	C: President Bush said in the letter the Colombian minister is said to have referred to
The Dallas oil and gas concern said that $ 10 million of the facility would be used to consolidate the company 's $ 8.1 million of existing bank debt , to repurchase 4 million of its 4.9 million shares outstanding of Series D convertible preferred stock , and to purchase a 10 % net - profits interest in certain oil and gas properties from one of its existing lenders , National Canada Corp .	said	The Dallas oil and gas concern	that $ 10 million of the facility would be used to consolidate the company 's $ 8.1 million of existing bank debt , to repurchase 4 million of its 4.9 million shares outstanding of Series D convertible preferred stock , and to purchase a 10 % net - profits interest in certain oil and gas properties from one of its existing lenders , National Canada Corp
The Dallas oil and gas concern said that $ 10 million of the facility would be used to consolidate the company 's $ 8.1 million of existing bank debt , to repurchase 4 million of its 4.9 million shares outstanding of Series D convertible preferred stock , and to purchase a 10 % net - profits interest in certain oil and gas properties from one of its existing lenders , National Canada Corp .	would be used to	$ 10 million of the facility	repurchase 4 million of its 4.9 million shares outstanding of Series D convertible preferred stock: C: The Dallas oil and gas concern said
The Dallas oil and gas concern said that $ 10 million of the facility would be used to consolidate the company 's $ 8.1 million of existing bank debt , to repurchase 4 million of its 4.9 million shares outstanding of Series D convertible preferred stock , and to purchase a 10 % net - profits interest in certain oil and gas properties from one of its existing lenders , National Canada Corp .	would be used to	$ 10 million of the facility	purchase a 10 % net - profits interest in certain oil and gas properties	from one of its existing lenders , National Canada Corp	C: The Dallas oil and gas concern said
The SEC would likely be amenable to legislation that required insiders to file transactions on a more timely basis , he said .	said	he	The SEC would likely be amenable to legislation that required insiders to file transactions on a more timely basis
The SEC would likely be amenable to legislation that required insiders to file transactions on a more timely basis , he said .	would likely be amenable to	The SEC	legislation	that required insiders to file transactions	on a more timely basis	C: He said
The Wellesley , Mass. , maker of scientific instruments and electronic parts said Berthold expects 1989 sales of more than 100 million Deutsche marks ( $ 54.5 million ) and employs about 400 people .	is in	The Wellesley	Mass.
The Wellesley , Mass. , maker of scientific instruments and electronic parts said Berthold expects 1989 sales of more than 100 million Deutsche marks ( $ 54.5 million ) and employs about 400 people .	is	The Wellesley	maker of scientific instruments
The Wellesley , Mass. , maker of scientific instruments and electronic parts said Berthold expects 1989 sales of more than 100 million Deutsche marks ( $ 54.5 million ) and employs about 400 people .	is	The Wellesley	maker of electronic parts
The Wellesley , Mass. , maker of scientific instruments and electronic parts said Berthold expects 1989 sales of more than 100 million Deutsche marks ( $ 54.5 million ) and employs about 400 people .	said	The Wellesley	Berthold expects 1989 sales of more than 100 million Deutsche marks ( $ 54.5 million ) and employs about 400 people .
The Wellesley , Mass. , maker of scientific instruments and electronic parts said Berthold expects 1989 sales of more than 100 million Deutsche marks ( $ 54.5 million ) and employs about 400 people .	expects	Berthold	1989 sales of more than 100 million Deutsche marks ( $ 54.5 million )	The Wellesley said
The Wellesley , Mass. , maker of scientific instruments and electronic parts said Berthold expects 1989 sales of more than 100 million Deutsche marks ( $ 54.5 million ) and employs about 400 people .	expects	Berthold	employs about 400 people	The Wellesley said
The machine can run software written for other Mips computers , the company said .	said	the company	The machine can run software written for other Mips computers
The machine can run software written for other Mips computers , the company said .	can run	The machine	software written for other Mips computers	the company said
The publishing concern said it retained the investment banking firm of Donaldson , Lufkin & Jenrette Securities Inc. to act as its financial adviser , assisting in the evaluation of various financial and strategic alternatives , including debt refinancing , raising capital , recapitalization , a merger or sale of the company .	said	The publishing concern	it retained the investment banking firm of Donaldson , Lufkin & Jenrette Securities Inc. to act as its financial adviser , assisting in the evaluation of various financial and strategic alternatives , including debt refinancing , raising capital , recapitalization , a merger or sale of the company
The publishing concern said it retained the investment banking firm of Donaldson , Lufkin & Jenrette Securities Inc. to act as its financial adviser , assisting in the evaluation of various financial and strategic alternatives , including debt refinancing , raising capital , recapitalization , a merger or sale of the company .	retained	it	the investment banking firm of Donaldson , Lufkin & Jenrette Securities Inc.	C: The publishing concern said
The publishing concern said it retained the investment banking firm of Donaldson , Lufkin & Jenrette Securities Inc. to act as its financial adviser , assisting in the evaluation of various financial and strategic alternatives , including debt refinancing , raising capital , recapitalization , a merger or sale of the company .	will act as its	Donaldson , Lufkin & Jenrette Securities Inc.	financial adviser	C: The publishing concern said
The publishing concern said it retained the investment banking firm of Donaldson , Lufkin & Jenrette Securities Inc. to act as its financial adviser , assisting in the evaluation of various financial and strategic alternatives , including debt refinancing , raising capital , recapitalization , a merger or sale of the company .	will be assisting in	Donaldson , Lufkin & Jenrette Securities Inc.	the evaluation of various financial and strategic alternatives	C: The publishing concern said
The publishing concern said it retained the investment banking firm of Donaldson , Lufkin & Jenrette Securities Inc. to act as its financial adviser , assisting in the evaluation of various financial and strategic alternatives , including debt refinancing , raising capital , recapitalization , a merger or sale of the company .	will be assisting in	Donaldson , Lufkin & Jenrette Securities Inc.	the evaluation of debt refinancing	C: The publishing concern said
The publishing concern said it retained the investment banking firm of Donaldson , Lufkin & Jenrette Securities Inc. to act as its financial adviser , assisting in the evaluation of various financial and strategic alternatives , including debt refinancing , raising capital , recapitalization , a merger or sale of the company .	will be assisting in	Donaldson , Lufkin & Jenrette Securities Inc.	the evaluation of raising capital	C: The publishing concern said
The publishing concern said it retained the investment banking firm of Donaldson , Lufkin & Jenrette Securities Inc. to act as its financial adviser , assisting in the evaluation of various financial and strategic alternatives , including debt refinancing , raising capital , recapitalization , a merger or sale of the company .	will be assisting in	Donaldson , Lufkin & Jenrette Securities Inc.	the evaluation of recapitalization	C: The publishing concern said
The publishing concern said it retained the investment banking firm of Donaldson , Lufkin & Jenrette Securities Inc. to act as its financial adviser , assisting in the evaluation of various financial and strategic alternatives , including debt refinancing , raising capital , recapitalization , a merger or sale of the company .	will be assisting in	Donaldson , Lufkin & Jenrette Securities Inc.	the evaluation of recapitalization	C: The publishing concern said
The publishing concern said it retained the investment banking firm of Donaldson , Lufkin & Jenrette Securities Inc. to act as its financial adviser , assisting in the evaluation of various financial and strategic alternatives , including debt refinancing , raising capital , recapitalization , a merger or sale of the company .	will be assisting in	Donaldson , Lufkin & Jenrette Securities Inc.	the evaluation of a merger or sale of the company	C: The publishing concern said
The specialists , a trader said , were `` livid '' about Mr. Phelan 's recent remarks that sophisticated computer - driven trading strategies are `` here to stay . ''	said	a trader	The specialists were `` livid '' about Mr. Phelan 's recent remarks that sophisticated computer - driven trading strategies are `` here to stay . ''
The specialists , a trader said , were `` livid '' about Mr. Phelan 's recent remarks that sophisticated computer - driven trading strategies are `` here to stay . ''	were `` livid '' about	The specialists	Mr. Phelan 's recent remarks that sophisticated computer - driven trading strategies are `` here to stay . ''	C: a trader said
The specialists , a trader said , were `` livid '' about Mr. Phelan 's recent remarks that sophisticated computer - driven trading strategies are `` here to stay . ''	recently remarked	Mr. Phelan 's	that sophisticated computer - driven trading strategies are `` here to stay . ''
The specialists , a trader said , were `` livid '' about Mr. Phelan 's recent remarks that sophisticated computer - driven trading strategies are `` here to stay . ''	are	sophisticated computer - driven trading strategies	`` here to stay . '	C: Mr. Phelan 's recently remarked'
There was some profit - taking because prices for all the precious metals had risen to levels at which there was resistance to further advance , he said .	said	he	There was some profit - taking because prices for all the precious metals had risen to levels at which there was resistance to further advance
There was some profit - taking because prices for all the precious metals had risen to levels at which there was resistance to further advance , he said .	had risen to	prices for all the precious metals	levels at which there was resistance to further advance	C: he said
There was some profit - taking because prices for all the precious metals had risen to levels at which there was resistance to further advance , he said .	was	profit	taken because prices for all the precious metals had risen	C: he said
`` But it 's risky , '' he says of Specialized 's attempt to adopt a corporate structure .	says	he	Specialized 's attempt to adopt a corporate structure is risky
`` But it 's risky , '' he says of Specialized 's attempt to adopt a corporate structure .	attempt	Specialized 's	to adopt a corporate structure is risky	C: he says
`` Communism will reach its final stage of development in a feckless Russo -- corporation - socialist in form , nationalistic in content and Oriental in style -- that will puzzle the world with alternating feats of realism and recklessness ... . ''	will reach	Communism	its final stage of development	in a feckless Russo -- corporation
`` Communism will reach its final stage of development in a feckless Russo -- corporation - socialist in form , nationalistic in content and Oriental in style -- that will puzzle the world with alternating feats of realism and recklessness ... . ''	is	feckless Russo corporation	socialist in form
`` Communism will reach its final stage of development in a feckless Russo -- corporation - socialist in form , nationalistic in content and Oriental in style -- that will puzzle the world with alternating feats of realism and recklessness ... . ''	is	feckless Russo corporation	nationalistic in form
`` Communism will reach its final stage of development in a feckless Russo -- corporation - socialist in form , nationalistic in content and Oriental in style -- that will puzzle the world with alternating feats of realism and recklessness ... . ''	is	feckless Russo corporation	Oriental in style
`` Communism will reach its final stage of development in a feckless Russo -- corporation - socialist in form , nationalistic in content and Oriental in style -- that will puzzle the world with alternating feats of realism and recklessness ... . ''	will puzzle the world with alternating feats of realism and recklessness	feckless Russo corporation	
`` Demand from Japan is expected to continue strong , but not from other areas of the world into the first quarter of next year , '' he said .	said	he	`` Demand from Japan is expected to continue strong , but not from other areas of the world into the first quarter of next year , '’
`` Demand from Japan is expected to continue strong , but not from other areas of the world into the first quarter of next year , '' he said .	is expected to	Demand from Japan	
`` Everyone else is going to catch up '' with Nissan 's innovative designs , says A. Rama Krishna , auto analyst at First Boston ( Japan ) Ltd .	is	A. Rama Krishna	auto analyst at First Boston ( Japan ) Ltd
`` Everyone else is going to catch up '' with Nissan 's innovative designs , says A. Rama Krishna , auto analyst at First Boston ( Japan ) Ltd .	said	A. Rama Krishna	`` Everyone else is going to catch up '' with Nissan 's innovative designs
`` Everyone else is going to catch up '' with Nissan 's innovative designs , says A. Rama Krishna , auto analyst at First Boston ( Japan ) Ltd .	is going to catch up	Everyone else	with Nissan 's innovative designs	C: A. Rama Krishna said
`` I ca n't do anything score - wise , but I like meeting the girls . ''	ca n't do anything	I	score - wise
`` I ca n't do anything score - wise , but I like meeting the girls . ''	like meeting	I	the girls
`` I think we could very well have { an economic } slowdown , beginning very soon if not already , '' he says .	think	I	we could very well have { an economic } slowdown	C: he says
`` I think we could very well have { an economic } slowdown , beginning very soon if not already , '' he says .	could be	{ an economic } slowdown	beginning	T: very soon	C: he says
`` I think we could very well have { an economic } slowdown , beginning very soon if not already , '' he says .	could	{ an economic } slowdown	have begun	T: already	C: he says
`` It 's going to be a tough league , '' promises the 47 - year - old Mr. Campaneris .	is	Mr. Campaneris	47 - year - old
`` It 's going to be a tough league , '' promises the 47 - year - old Mr. Campaneris .	promises	Mr. Campaneris	`` It 's going to be a tough league ''
`` It 's going to be a tough league , '' promises the 47 - year - old Mr. Campaneris .	going to be	It ‘s	a tough league	C: Mr. Campaneris promises
`` People see extra messages in advertising , and if a manufacturer is clearly trying to get something out of it ... if it 's too transparent ... then consumers will see through that , '' warns John Philip Jones , chairman of the advertising department at the Newhouse School of Public Communications at Syracuse University .	is	John Philip Jones	chairman of the advertising department at the Newhouse School of Public Communications at Syracuse University
`` People see extra messages in advertising , and if a manufacturer is clearly trying to get something out of it ... if it 's too transparent ... then consumers will see through that , '' warns John Philip Jones , chairman of the advertising department at the Newhouse School of Public Communications at Syracuse University .	warns	John Philip Jones	`` People see extra messages in advertising , and if a manufacturer is clearly trying to get something out of it ... if it 's too transparent ... then consumers will see through that ''
`` People see extra messages in advertising , and if a manufacturer is clearly trying to get something out of it ... if it 's too transparent ... then consumers will see through that , '' warns John Philip Jones , chairman of the advertising department at the Newhouse School of Public Communications at Syracuse University .	see	People	extra messages in advertising	C: John Philip Jones warns
`` People see extra messages in advertising , and if a manufacturer is clearly trying to get something out of it ... if it 's too transparent ... then consumers will see through that , '' warns John Philip Jones , chairman of the advertising department at the Newhouse School of Public Communications at Syracuse University .	will see	consumers	through manufacturer clearly trying to get something out of it	C: John Philip Jones warns
`` Small net inflows into stock and bond funds were offset by slight declines in the value of mutual fund stock and bond portfolios '' stemming from falling prices , said Jacob Dreyer , the institute 's chief economist .	is	Jacob Dreyer	the institute 's chief economist
`` Small net inflows into stock and bond funds were offset by slight declines in the value of mutual fund stock and bond portfolios '' stemming from falling prices , said Jacob Dreyer , the institute 's chief economist .	said	Jacob Dreyer	`` Small net inflows into stock and bond funds were offset by slight declines in the value of mutual fund stock and bond portfolios '' stemming from falling prices
`` Small net inflows into stock and bond funds were offset by slight declines in the value of mutual fund stock and bond portfolios '' stemming from falling prices , said Jacob Dreyer , the institute 's chief economist .	into	Small net inflows	stock and bond funds were offset by slight declines in the value of mutual fund stock and bond portfolios stemming from falling prices	C: Jacob Dreyer said
`` That burden is very difficult , if not impossible , to meet , '' says Mr. Boyd .	said	Mr. Boyd	`` That burden is very difficult , if not impossible , to meet ''
`` That burden is very difficult , if not impossible , to meet , '' says Mr. Boyd .	is very difficult	That burden	to meet	C: Mr. Boyd said
`` The development could have a dramatic effect on farm production , especially cotton , '' said Murray Robinson , president of Delta & Pine Land Co. , a Southwide Inc. subsidiary that is one of the largest cotton seed producers in the U.S. .	is	Murray Robinson	president of Delta & Pine Land Co.
`` The development could have a dramatic effect on farm production , especially cotton , '' said Murray Robinson , president of Delta & Pine Land Co. , a Southwide Inc. subsidiary that is one of the largest cotton seed producers in the U.S. .	is	Delta & Pine Land Co.	a Southwide Inc. subsidiary
`` The development could have a dramatic effect on farm production , especially cotton , '' said Murray Robinson , president of Delta & Pine Land Co. , a Southwide Inc. subsidiary that is one of the largest cotton seed producers in the U.S. .	is	Delta & Pine Land Co.	one of the largest cotton seed producers in the U.S.
`` The development could have a dramatic effect on farm production , especially cotton , '' said Murray Robinson , president of Delta & Pine Land Co. , a Southwide Inc. subsidiary that is one of the largest cotton seed producers in the U.S. .	said	Murray Robinson	`` The development could have a dramatic effect on farm production , especially cotton ''
`` The development could have a dramatic effect on farm production , especially cotton , '' said Murray Robinson , president of Delta & Pine Land Co. , a Southwide Inc. subsidiary that is one of the largest cotton seed producers in the U.S. .	could have	The development	a dramatic effect on farm production , especially cotton	C: Murray Robinson said
`` The profit locking - in is definitely going on , '' said Mr. Mills , whose firm manages $ 600 million for Boston Co .	said	Mr. Mills	`` The profit locking - in is definitely going on ''
`` The profit locking - in is definitely going on , '' said Mr. Mills , whose firm manages $ 600 million for Boston Co .	is definitely going on	The profit locking - in		C: Mr. Mills said
`` The profit locking - in is definitely going on , '' said Mr. Mills , whose firm manages $ 600 million for Boston Co .	firm	Mr. Mills ‘s	manages	$ 600 million for Boston Co
`` There are some things that have gone on here that nobody can explain , '' she says .	says	she	`` There are some things that have gone on here that nobody can explain ''
`` There are some things that have gone on here that nobody can explain , '' she says .	that have gone on	some things	here that nobody can explain	C: she says
`` They 're getting some major wins , '' she added .	added	she	`` They 're getting some major wins ''
`` They 're getting some major wins , '' she added .	getting	They 're	some major wins	C: she added
A spokesman said HealthVest has paid two of the three banks it owed interest to in October and is in negotiations with the third bank .	said	A spokesman	HealthVest has paid two of the three banks it owed interest to in October and is in negotiations with the third bank
A spokesman said HealthVest has paid two of the three banks it owed interest to in October and is in negotiations with the third bank .	has paid	HealthVest	two of the three banks	it owed interest to	T: in October	C: A spokesman said
A spokesman said HealthVest has paid two of the three banks it owed interest to in October and is in negotiations with the third bank .	is in	HealthVest	negotiations	with the third bank	C: A spokesman said
A surprising 78 % of people said they exercise regularly , up from 73 % in 1981 .	said	73 % of people	they exercise regularly	T: in 1981
A surprising 78 % of people said they exercise regularly , up from 73 % in 1981 .	said	A surprising 78 % of people	they exercise regularly
Also , the premiums paid by the U.S. government on a purchase of copper for the U.S. Mint were lower than expected , and acted as a price depressant , analysts said .	said 	analysts	the premiums paid by the U.S. government on a purchase of copper for the U.S. Mint were lower than expected , and acted as a price depressant
Also , the premiums paid by the U.S. government on a purchase of copper for the U.S. Mint were lower than expected , and acted as a price depressant , analysts said .	were lower than 	the premiums paid by the U.S. government on a purchase of copper for the U.S. Mint 	expected	C: analysts said
Also , the premiums paid by the U.S. government on a purchase of copper for the U.S. Mint were lower than expected , and acted as a price depressant , analysts said .	acted as	the premiums paid by the U.S. government on a purchase of copper for the U.S. Mint	a price depressant	C: analysts said
Also , the premiums paid by the U.S. government on a purchase of copper for the U.S. Mint were lower than expected , and acted as a price depressant , analysts said .	paid	the U.S. government 	premiums 	on a purchase of copper 	for the U.S. Mint	C: analysts said
Also , the premiums paid by the U.S. government on a purchase of copper for the U.S. Mint were lower than expected , and acted as a price depressant , analysts said .	purchased copper for	the U.S. government 	the U.S. Mint	C: analysts said
Although Mr. Azoff wo n't produce films at first , it is possible that he could do so later , the sources said .	said 	the source 	Although Mr. Azoff wo n't produce films at first , it is possible that he could do so later
Although Mr. Azoff wo n't produce films at first , it is possible that he could do so later , the sources said .	wo n't produce 	Mr. Azoff 	films 	T: at first 	C: the source said
Although Mr. Azoff wo n't produce films at first , it is possible that he could do so later , the sources said .	is possible that 	it 	he could do so later	C: the source said
Although Mr. Azoff wo n't produce films at first , it is possible that he could do so later , the sources said .	could do 	he 	so 	T: later	C: the source said
Although no specific agreements are expected , Mr. Shevardnadze said `` that does n't mean they will be without an agenda . ''	said 	Mr. Shevardnadze said 	Although no specific agreements are expected that does n't mean they will be without an agenda .
Although no specific agreements are expected , Mr. Shevardnadze said `` that does n't mean they will be without an agenda . ''	are expected	no specific agreements	C: Mr. Shevardnadze said
Although no specific agreements are expected , Mr. Shevardnadze said `` that does n't mean they will be without an agenda . ''	does n't mean 	that 	they will be without an agenda	C: Mr. Shevardnadze said
Among other things , they said , Mr. Azoff would develop musical acts for a new record label .	said 	they 	Among other things Mr. Azoff would develop musical acts for a new record label
Among other things , they said , Mr. Azoff would develop musical acts for a new record label .	would develop	Mr. Azoff	musical acts for a new record label	C: they said
Among other things , they said , Mr. Azoff would develop musical acts for a new record label .	would develop musical acts for a new record label among 	Mr. Azoff	other things	C: they said
As a result , he said he will examine the Marcos documents sought by the prosecutors to determine whether turning over the filings is self - incrimination .	said 	he 	he will examine the Marcos documents sought by the prosecutors to determine whether turning over the filings is self - incrimination .
As a result , he said he will examine the Marcos documents sought by the prosecutors to determine whether turning over the filings is self - incrimination .	will examine 	he 	the Marcos documents sought by the prosecutors to determine whether turning over the filings is self - incrimination .	C: he said
As a result , he said he will examine the Marcos documents sought by the prosecutors to determine whether turning over the filings is self - incrimination .	will examine the Marcos documents sought by the prosecutors to determine	he 	whether turning over the filings is self - incrimination .	C: he said
As a result , he said he will examine the Marcos documents sought by the prosecutors to determine whether turning over the filings is self - incrimination .	were sought by 	the Marcos documents 	the prosecutors 	C: he said
Avery Inc. said it completed the sale of Uniroyal Chemical Holding Co. to a group led by management of Uniroyal Chemical Co. , the unit 's main business .	said 	Avery Inc. 	it completed the sale of Uniroyal Chemical Holding Co. to a group led by management of Uniroyal Chemical Co. , the unit 's main business
Avery Inc. said it completed the sale of Uniroyal Chemical Holding Co. to a group led by management of Uniroyal Chemical Co. , the unit 's main business .	completed	it 	the sale of Uniroyal Chemical Holding Co.	to a group led by management of Uniroyal Chemical Co.	C: Avery Inc. said
Avery Inc. said it completed the sale of Uniroyal Chemical Holding Co. to a group led by management of Uniroyal Chemical Co. , the unit 's main business .	is 	Uniroyal Chemical Co. 	the unit 's main business 	C: Avery Inc. said
But yesterday , Mr. Carpenter said big institutional investors , which he would n't identify , `` told us they would n't do business with firms '' that continued to do index arbitrage for their own accounts .	said 	Mr. Carpenter 	big institutional investors `` told us they would n't do business with firms '' that continued to do index arbitrage for their own accounts 	T: yesterday
But yesterday , Mr. Carpenter said big institutional investors , which he would n't identify , `` told us they would n't do business with firms '' that continued to do index arbitrage for their own accounts .	would n't identify 	he 	big institutional investors 	T: yesterday
But yesterday , Mr. Carpenter said big institutional investors , which he would n't identify , `` told us they would n't do business with firms '' that continued to do index arbitrage for their own accounts .	told us 	big institutional investors 	they would n't do business with firms '' that continued to do index arbitrage for their own accounts 	T: yesterday	C: Mr. Carpenter said
Coca - Cola Co. , aiming to boost soft - drink volume in Singapore , said it is discussing a joint venture with Fraser & Neave Ltd. , its bottling franchisee in that country . 	is aiming to boast	Coca - Cola Co. 	soft - drink volume 	L: in Singapore
Coca - Cola Co. , aiming to boost soft - drink volume in Singapore , said it is discussing a joint venture with Fraser & Neave Ltd. , its bottling franchisee in that country .		said 	Coca - Cola Co. 	it is discussing a joint venture with Fraser & Neave Ltd.
Coca - Cola Co. , aiming to boost soft - drink volume in Singapore , said it is discussing a joint venture with Fraser & Neave Ltd. , its bottling franchisee in that country .		is 	Fraser & Neave Ltd. 	its bottling franchisee 	L: in that country
Company officials said the current robust domestic demand that has been fueling sustained economic expansion helped push up sales of products like ships , steel structures , power systems and machinery and resulted in sharply higher profit .	said	Company officials	the current robust domestic demand that has been fueling sustained economic expansion helped push up sales of products like ships , steel structures , power systems and machinery and resulted in sharply higher profit
Considered as a whole , Mr. Lane said , the filings required under the proposed rules `` will be at least as effective , if not more so , for investors following transactions . ''	said	Mr. Lane	Considered as a whole , the filings required under the proposed rules `` will be at least as effective , if not more so , for investors following transactions
Daimler said it has had talks with Jaguar about possible joint ventures .	said	Daimler 	it has had talks with Jaguar about possible joint ventures
Despite the modest gains , traders said the market remains dull , with investors remaining cautiously on the sidelines .	said 	traders 	Despite the modest gains the market remains dull , with investors remaining cautiously on the sidelines
Edison Brothers Stores Inc. said it agreed to buy 229 Foxmoor women 's apparel stores from Foxmoor Specialty Stores Corp. , a unit of Dylex Ltd. of Toronto .	said	Edison Brothers Stores Inc. 	it agreed to buy 229 Foxmoor women 's apparel stores from Foxmoor Specialty Stores Corp. , a unit of Dylex Ltd. of Toronto
Edison Brothers Stores Inc. said it agreed to buy 229 Foxmoor women 's apparel stores from Foxmoor Specialty Stores Corp. , a unit of Dylex Ltd. of Toronto .	agreed to buy	it	229 Foxmoor women 's apparel stores 	from Foxmoor Specialty Stores Corp. 	C: Edison Brothers Stores Inc. said
Edison Brothers Stores Inc. said it agreed to buy 229 Foxmoor women 's apparel stores from Foxmoor Specialty Stores Corp. , a unit of Dylex Ltd. of Toronto .	is	Foxmoor Specialty Stores Corp.	a unit of Dylex Ltd. of Toronto 	C: Edison Brothers Stores Inc. said
For the record , Jeffrey Kaufman , an attorney for Fireman 's Fund , said he was `` rattled -- both literally and figuratively . ''	is an attorney for	Jeffrey Kaufman 	Fireman 's Fund
For the record , Jeffrey Kaufman , an attorney for Fireman 's Fund , said he was `` rattled -- both literally and figuratively . ''	said	Jeffrey Kaufman 	he was `` rattled -- both literally and figuratively . ''
For the record , Jeffrey Kaufman , an attorney for Fireman 's Fund , said he was `` rattled -- both literally and figuratively . ''	was rattled -- both literally and figuratively	he	C: Jeffrey Kaufman said
Ford Motor Co. said it is recalling about 3,600 of its 1990 - model Escorts because the windshield adhesive was improperly applied to some cars .	said	Ford Motor Co.	it is recalling about 3,600 of its 1990 - model Escorts because the windshield adhesive was improperly applied to some cars
He said he expects the company to have $ 500 million in sales for this year .	said	He	he expects the company to have $ 500 million in sales for this year
However , a Canadian Embassy official in Tel Aviv said that Canada was unlikely to sell the Candu heavy - water reactor to Israel since Israel has n't signed the Nuclear Non - Proliferation Treaty .	said that	a Canadian Embassy official in Tel Aviv 	Canada was unlikely to sell the Candu heavy - water reactor to Israel since Israel has n't signed the Nuclear Non - Proliferation Treaty
In recent testimony on Capitol Hill , Treasury officials said they were considering the new reporting requirements , and the expected publication of the proposal in the Federal Register today is the first official step toward creating final regulations .	said	Treasury officials	they were considering the new reporting requirements , and the expected publication of the proposal in the Federal Register today is the first official step toward creating final regulations	T: In recent testimony on Capitol Hill
It said CS First Boston `` has consistently been one of the most aggressive firms in merchant banking '' and that `` a very significant portion '' of the firm 's profit in recent years has come from merchant banking - related business .	said	It	CS First Boston `` has consistently been one of the most aggressive firms in merchant banking '' and that `` a very significant portion '' of the firm 's profit in recent years has come from merchant banking - related business
Merrill said it continues to believe that `` the causes of excess market volatility are far more complex than any particular computer trading strategy .	said	Merrill 	it continues to believe that `` the causes of excess market volatility are far more complex than any particular computer trading strategy .
Milk sold to the nation 's dairy plants and dealers averaged $ 14.50 for each hundred pounds , up 50 cents from September and up $ 1.50 from October 1988 , the department said .	said	the department	Milk sold to the nation 's dairy plants and dealers averaged $ 14.50 for each hundred pounds , up 50 cents from September and up $ 1.50 from October 1988
Mr. Mulford said reports of tension between the Treasury and Fed have been exaggerated , insisting that they involved `` nuances . ''	said	Mr. Mulford 	reports of tension between the Treasury and Fed have been exaggerated
Mr. Mulford said reports of tension between the Treasury and Fed have been exaggerated , insisting that they involved `` nuances . ''	insisted that	Mr. Mulford 	they involved `` nuances . ''
Mr. Rifenburgh said the board still has n't acted on most of the internal report 's recommendations , pending restatement of the balance sheet .	said	Mr. Rifenburgh	the board still has n't acted on most of the internal report 's recommendations , pending restatement of the balance sheet .
Nixon , on the fourth day of a private visit to China , said that damage to Sino - U.S. relations was `` very great , '' calling the situation `` the most serious '' since 1972 .	said that	Nixon	damage to Sino - U.S. relations was `` very great , ''	T: on the fourth day of a private visit to China
Nixon , on the fourth day of a private visit to China , said that damage to Sino - U.S. relations was `` very great , '' calling the situation `` the most serious '' since 1972 .	called	Nixon	the situation	`` the most serious '' since 1972 .	T: on the fourth day of a private visit to China
Overall , net sales of all mutual funds , excluding money market funds , fell to $ 1.9 billion in September from $ 4.2 billion in August , the trade group said .	said	the trade group 	Overall , net sales of all mutual funds , excluding money market funds , fell to $ 1.9 billion in September from $ 4.2 billion in August
Panhandle Eastern Corp. said it applied , on behalf of two of its subsidiaries , to the Federal Energy Regulatory Commission for permission to build a 352 - mile , $ 273 million pipeline system from Pittsburg County , Okla. , to Independence , Miss .	said	Panhandle Eastern Corp. 	it applied , on behalf of two of its subsidiaries , to the Federal Energy Regulatory Commission for permission to build a 352 - mile , $ 273 million pipeline system from Pittsburg County , Okla. , to Independence , Miss
Richard Newsom , a California state official who last year examined Lincoln 's parent , American Continental Corp. , said he also saw evidence that crimes had been committed .	is	Richard Newsom	a California state official
Richard Newsom , a California state official who last year examined Lincoln 's parent , American Continental Corp. , said he also saw evidence that crimes had been committed .	is	American Continental Corp.	Lincoln 's parent
Richard Newsom , a California state official who last year examined Lincoln 's parent , American Continental Corp. , said he also saw evidence that crimes had been committed .	examined	Richard Newsom	Lincoln 's parent	T: last year
Richard Newsom , a California state official who last year examined Lincoln 's parent , American Continental Corp. , said he also saw evidence that crimes had been committed .
Richard Newsom , a California state official who last year examined Lincoln 's parent , American Continental Corp. , said he also saw evidence that crimes had been committed .	said	Richard Newsom	he also saw evidence that crimes had been committed
Rolls - Royce Motor Cars Inc. said it expects its U.S. sales to remain steady at about 1,200 cars in 1990 .	said	Rolls - Royce Motor Cars Inc.	it expects its U.S. sales to remain steady at about 1,200 cars in 1990
Separately , Ford and Mazda Motor Corp. 's U.S. sales arm said they are recalling about 88,500 1988 - model Mercury Tracers and 220,000 1986 , 1987 and 1988 model Mazda 323s equipped with 1.6 - liter fuel - injected engines to replace the oil filler cap .	separately said	Ford and Mazda Motor Corp. 's U.S. sales arm	they are recalling about 88,500 1988 - model Mercury Tracers and 220,000 1986 , 1987 and 1988 model Mazda 323s equipped with 1.6 - liter fuel - injected engines to replace the oil filler cap
The Chemical spokeswoman said the bank has examined its methodologies and internal controls .	said	The Chemical spokeswoman	the bank has examined its methodologies and internal controls .
The company said the fastener business `` has been under severe cost pressures for some time . ''	said	The company 	the fastener business `` has been under severe cost pressures for some time . ''
The market 's tempo was helped by the dollar 's resiliency , he said .	said	he	The market 's tempo was helped by the dollar 's resiliency
There 's light at the end of the tunnel for municipals , '' he said , adding that he expects prices to `` inch up '' in the near term .	said	he	There 's light at the end of the tunnel for municipals
There 's light at the end of the tunnel for municipals , '' he said , adding that he expects prices to `` inch up '' in the near term .	added that	he	he expects prices to `` inch up '' in the near term
Unemployment has reached 27.6 % in Azerbaijan , 25.7 % in Tadzhikistan , 22.8 % in Uzbekistan , 18.8 % in Turkmenia , 18 % in Armenia and 16.3 % in Kirgizia , the Communist Party newspaper said .	said	the Communist Party newspaper	Unemployment has reached 27.6 % in Azerbaijan , 25.7 % in Tadzhikistan , 22.8 % in Uzbekistan , 18.8 % in Turkmenia , 18 % in Armenia and 16.3 % in Kirgizia
`` Business across the country is spending more time addressing this issue , '' says Sen. Edward Kennedy ( D. , Mass . ) .	says	Sen. Edward Kennedy ( D. , Mass . ) 	`` Business across the country is spending more time addressing this issue , ''
`` I ca n't believe they ( GM ) will let Ford have a free run , '' said Stephen Reitman , a European auto industry analyst at UBS - Phillips & Drew .	said	Stephen Reitman 	I ca n't believe they ( GM ) will let Ford have a free run
`` I ca n't believe they ( GM ) will let Ford have a free run , '' said Stephen Reitman , a European auto industry analyst at UBS - Phillips & Drew .	is	Stephen Reitman 	a European auto industry analyst at UBS - Phillips & Drew
`` I do n't foresee any shortages over the next few months , '' says Ken Allen , an official of Operating Engineers Local 3 in San Francisco .	says	Ken Allen	`` I do n't foresee any shortages over the next few months ''
`` I do n't foresee any shortages over the next few months , '' says Ken Allen , an official of Operating Engineers Local 3 in San Francisco .	is an official of	Ken Allen	Operating Engineers Local 3 	L: in San Francisco
`` I wo n't be throwing 90 mph , but I will throw 80 - plus , '' he says .	says	he	`` I wo n't be throwing 90 mph , but I will throw 80 - plus ''
`` If working capital financing is not provided , '' he said , `` the RTC may have to slow { S&L sales } or dump acquired assets through fire sales .	said	he	If working capital financing is not provided , the RTC may have to slow { S&L sales } or dump acquired assets through fire sales
`` It 's a super - exciting set of discoveries , '' says Bert Vogelstein , a Johns Hopkins University researcher who has just found a gene pivotal to the triggering of colon cancer .	says	Bert Vogelstein 	It 's a super - exciting set of discoveries
`` It 's a super - exciting set of discoveries , '' says Bert Vogelstein , a Johns Hopkins University researcher who has just found a gene pivotal to the triggering of colon cancer .	is	Bert Vogelstein 	a Johns Hopkins University researcher
`` It 's a super - exciting set of discoveries , '' says Bert Vogelstein , a Johns Hopkins University researcher who has just found a gene pivotal to the triggering of colon cancer .	has just found	Bert Vogelstein 	a gene pivotal to the triggering of colon cancer
`` It 's a wait - and - see attitude , '' said Dave Vellante , vice president of storage research for International Data Corp .	said	Dave Vellante	`` It 's a wait - and - see attitude ''
`` It 's a wait - and - see attitude , '' said Dave Vellante , vice president of storage research for International Data Corp .	is the vice president of	Dave Vellante	storage research for International Data Corp .
`` It 's really bizarre , '' says Albert Lerman , creative director at the Wells Rich Greene ad agency .	says	Albert Lerman	`` It 's really bizarre ''
`` It 's really bizarre , '' says Albert Lerman , creative director at the Wells Rich Greene ad agency .	is the creative director at 	Albert Lerman	the Wells Rich Greene ad agency
`` Most of the LBO guys do n't know how to run a business anyway . ''	do n't know 	Most of the LBO guys	how to run a business anyway
`` Most people -- whether in Toledo , Tucson or Topeka -- have n't got a clue who we are , '' says Guy L. Smith , Philip Morris 's vice president of corporate affairs .	says	Guy L. Smith	`` Most people -- whether in Toledo , Tucson or Topeka -- have n't got a clue who we are , ''
`` Most people -- whether in Toledo , Tucson or Topeka -- have n't got a clue who we are , '' says Guy L. Smith , Philip Morris 's vice president of corporate affairs .	is	Guy L. Smith	Philip Morris 's vice president of corporate affairs
`` Nobody told us ; nobody called us , '' says an official close to the case who asked not to be named .	says	an official close to the case	`` Nobody told us ; nobody called us ''
`` Nobody told us ; nobody called us , '' says an official close to the case who asked not to be named .	asked not to be named	an official close to the case
`` Nothing can be better than this , '' says Don Sider , owner of the West Palm Beach Tropics .	says	Don Sider	`` Nothing can be better than this ''
`` Nothing can be better than this , '' says Don Sider , owner of the West Palm Beach Tropics .	is the owner of 	Don Sider	the West Palm Beach Tropics
`` Now everything '' -- such as program trading and wide stock market swings -- `` that everyone had pushed back in their consciousness is just sitting right there . ''	is just sitting right there 	everything '' -- such as program trading and wide stock market swings -- `` that everyone had pushed back in their consciousness	T: Now
`` Now everything '' -- such as program trading and wide stock market swings -- `` that everyone had pushed back in their consciousness is just sitting right there . ''	had pushed back 	everyone	program trading and wide stock market swings in their consciousness
`` The bottom line is that if we can get that { Warsaw Pact } superiority brought down to parity , we ought to keep pressing ahead as quickly as possible .	is that 	The bottom line 	if we can get that { Warsaw Pact } superiority brought down to parity
`` The bottom line is that if we can get that { Warsaw Pact } superiority brought down to parity , we ought to keep pressing ahead as quickly as possible .	ought to keep	we	pressing ahead as quickly as possible
`` The only people who are flying are those who have to , '' said Frank Moore , chairman of the Australian Tourist Industry Association .	said	Frank Moore	`` The only people who are flying are those who have to ''
`` The only people who are flying are those who have to , '' said Frank Moore , chairman of the Australian Tourist Industry Association .	is chairman of	Frank Moore 	the Australian Tourist Industry Association
`` To allow this massive level of unfettered federal borrowing without prior congressional approval would be irresponsible , '' said Rep. Fortney Stark ( D. , Calif. ) , who has introduced a bill to limit the RTC 's authority to issue debt .	said	Rep. Fortney Stark ( D. , Calif. )	`` To allow this massive level of unfettered federal borrowing without prior congressional approval would be irresponsible ''
`` To allow this massive level of unfettered federal borrowing without prior congressional approval would be irresponsible , '' said Rep. Fortney Stark ( D. , Calif. ) , who has introduced a bill to limit the RTC 's authority to issue debt .	has introduced	Rep. Fortney Stark ( D. , Calif. )	a bill to limit the RTC 's authority to issue debt
`` To allow this massive level of unfettered federal borrowing without prior congressional approval would be irresponsible , '' said Rep. Fortney Stark ( D. , Calif. ) , who has introduced a bill to limit the RTC 's authority to issue debt .	has authority to issue	the RTC 	debt
`` We were oversold and today we bounced back .	were oversold	We
`` We were oversold and today we bounced back .	bounced back	we	T: today
Back at the hotel , Taylor went ahead of Lemmy and told him `` Eddie 's left the band '' .	told	Taylor	him 	`` Eddie 's left the band ''	L: Back at the hotel
Back at the hotel , Taylor went ahead of Lemmy and told him `` Eddie 's left the band '' .	went ahead of	Taylor	Lemmy	L: Back at the hotel
Earlier yesterday , the Societe de Bourses Francaises was told that a unit of Framatome S.A. also bought Navigation Mixte shares , this purchase covering more than 160,000 shares .	was told that	the Societe de Bourses Francaises	a unit of Framatome S.A. also bought Navigation Mixte shares , this purchase covering more than 160,000 shares	T: Earlier yesterday
Earlier yesterday , the Societe de Bourses Francaises was told that a unit of Framatome S.A. also bought Navigation Mixte shares , this purchase covering more than 160,000 shares .	also bought	a unit of Framatome S.A.	Navigation Mixte shares	C: the Societe de Bourses Francaises was told that
Earlier yesterday , the Societe de Bourses Francaises was told that a unit of Framatome S.A. also bought Navigation Mixte shares , this purchase covering more than 160,000 shares .	covered more than	this purchase	160,000 shares	C: the Societe de Bourses Francaises was told that
Mr. Rifenburgh told industry analysts he is moving `` aggressively '' to negotiate out - of - court settlements on a number of shareholder lawsuits , but noted that the company could file for bankruptcy - law protection if settlement talks fail .	told	Mr. Rifenburgh	industry analysts	he is moving `` aggressively '' to negotiate out - of - court settlements on a number of shareholder lawsuits
Mr. Rifenburgh told industry analysts he is moving `` aggressively '' to negotiate out - of - court settlements on a number of shareholder lawsuits , but noted that the company could file for bankruptcy - law protection if settlement talks fail .	noted that	Mr. Rifenburgh	the company could file for bankruptcy - law protection if settlement talks fail
A casting director at the time told Scott that he had wished that he 'd met him a week before ; he was casting for the `` G.I. Joe '' cartoon .	told	A casting director at the time	Scott	that he had wished that he 'd met him a week before
A casting director at the time told Scott that he had wished that he 'd met him a week before ; he was casting for the `` G.I. Joe '' cartoon .	was casting for	he	the `` G.I. Joe '' cartoon
According to Hofmann , while still a teenage coin collector , he forged a rare mint mark on a dime and was told by an organization of coin collectors that it was genuine .	was	Hofmann	a teenage coin collector	T: still
According to Hofmann , while still a teenage coin collector , he forged a rare mint mark on a dime and was told by an organization of coin collectors that it was genuine .	forged	he	a rare mint mark on a dime	C: According to Hofmann
According to Hofmann , while still a teenage coin collector , he forged a rare mint mark on a dime and was told by an organization of coin collectors that it was genuine .	was told	he	by an organization of coin collectors	that it was genuine
In fact , Condon , after seeing Hauptmann in a lineup at New York Police Department Greenwich Street Station told FBI Special Agent Turrou that Hauptmann was not `` John , '' the man to whom Condon claimed he passed the ransom money to in St. Raymond 's Cemetery .	saw	Condon	Hauptmann in a lineup	L: at New York Police Department Greenwich Street Station
In fact , Condon , after seeing Hauptmann in a lineup at New York Police Department Greenwich Street Station told FBI Special Agent Turrou that Hauptmann was not `` John , '' the man to whom Condon claimed he passed the ransom money to in St. Raymond 's Cemetery .	told	Condon	FBI Special Agent Turrou	that Hauptmann was not John
In fact , Condon , after seeing Hauptmann in a lineup at New York Police Department Greenwich Street Station told FBI Special Agent Turrou that Hauptmann was not `` John , '' the man to whom Condon claimed he passed the ransom money to in St. Raymond 's Cemetery .	is	Turrou	FBI Special Agent
In fact , Condon , after seeing Hauptmann in a lineup at New York Police Department Greenwich Street Station told FBI Special Agent Turrou that Hauptmann was not `` John , '' the man to whom Condon claimed he passed the ransom money to in St. Raymond 's Cemetery .	is	John	the man to whom Condon claimed he passed the ransom money to in St. Raymond 's Cemetery
In fact , Condon , after seeing Hauptmann in a lineup at New York Police Department Greenwich Street Station told FBI Special Agent Turrou that Hauptmann was not `` John , '' the man to whom Condon claimed he passed the ransom money to in St. Raymond 's Cemetery .	passed	he	the ransom money	to John	L: in St. Raymond 's Cemetery	C: Condon claimed
He sold them well below market value to raise cash `` to pay off mounting credit - card debts , '' incurred to buy presents for his girlfriend , his attorney , Philip Russell , told IFAR .	told	IFAR	He sold them well below market value to raise cash `` to pay off mounting credit - card debts , '' incurred to buy presents for his girlfriend , his attorney , Philip Russell
For years , the company 's ads were tied in with pitches for Cannon sheets or Martex towels , for example , and an announcer at the end of the ads would tell customers where to `` find the true performance label . ''	were tied in with	the company 's ads	pitches for Cannon sheets or Martex towels	
For years , the company 's ads were tied in with pitches for Cannon sheets or Martex towels , for example , and an announcer at the end of the ads would tell customers where to `` find the true performance label . ''	would tell	an announcer	customers	where to find the true performance label	T: at the end of the ads
He accused Dow Jones of `` using unfair means to obtain the stock at an unfair price . ''	accused	He	Dow Jones of using unfair means to obtain the stock at an unfair price
Ed tries to explain what happened to a skeptical Pete .	tries to explain	Ed	what happened to a skeptical Pete
Most of the proposals are in tourism , basic industry and fishery and agro - industry projects , he said .	said	he	Most of the proposals are in tourism , basic industry and fishery and agro - industry projects
