11 million copies of the flyer were distributed to the public via an 85-newspaper distribution chain .	 were distributed	 11 million copies of the flyer	 to the public	 via an 85-number distribution chain
23.8 % of all households were made up of individuals and 13.0 % had someone living alone who was 65 years of age or older .	 were made up of 	 23.8 % of all households	 individuals
23.8 % of all households were made up of individuals and 13.0 % had someone living alone who was 65 years of age or older .	 had	 13 % of all households	 someone living alone who was 65 years of age or older
A British version of this show was developed , known as `` Gladiators : Train 2 Win '' .	 has	 this show	 A British version
A British version of this show was developed , known as `` Gladiators : Train 2 Win '' .	 was developed	 A British version of this show
A British version of this show was developed , known as `` Gladiators : Train 2 Win '' .	 was known as	 A British version of this show	 `` Gladiators : Train 2 Win ''
A better alternative in order to find the best possible results would be to use the Smith-Waterman algorithm .	 would be to use	 A better alternative in order to find the best possible results	 the Smith-Waterman algorithm
A character notes some practical difficulties with such a map and states that `` we now use the country itself , as its own map , and I assure you it does nearly as well . ''	 notes	 A character	 some practical difficulties with such a map
A character notes some practical difficulties with such a map and states that `` we now use the country itself , as its own map , and I assure you it does nearly as well . ''	 states that	 A character	 `` we now use the country itself , as its own map , and I assure you it does nearly as well . ''	 
A dam on the creek has created a lake covering for fishing , boating , and swimming .	 has created	 A dam on the creek	a lake covering 	for fishing
A dam on the creek has created a lake covering for fishing , boating , and swimming .	 has created	 A dam on the creek	a lake covering 	for boating
A dam on the creek has created a lake covering for fishing , boating , and swimming .	 has created	 A dam on the creek	a lake covering 	for swimming
A different judge then ordered the case reviewed by a higher court .	 ordered	 A different judge	 the case	 reviewed by a higher court
A different judge then ordered the case reviewed by a higher court .	 reviewed by	 the case 	a higher court
A large gravestone was erected in 1866 , over 100 years after his death .	was erected in	 A large gravestone	 1866	 over 100 years after his death
A number of rare and endemic plants are adapted to the unique limestone soils of the mountains , including the cliffdweller , bristlecone cryptantha , and Inyo rock daisy .	 are adapted to	 A number of rare and endemic plants 	 the unique limestone soils	 of the mountains
A number of rare and endemic plants are adapted to the unique limestone soils of the mountains , including the cliffdweller , bristlecone cryptantha , and Inyo rock daisy .	 is adapted to	 the cliffdweller	 the unique limestone soils	 of the mountains
A number of rare and endemic plants are adapted to the unique limestone soils of the mountains , including the cliffdweller , bristlecone cryptantha , and Inyo rock daisy .	 is adapted to	 bristlecone cryptantha	 the unique limestone soils	 of the mountains
A number of rare and endemic plants are adapted to the unique limestone soils of the mountains , including the cliffdweller , bristlecone cryptantha , and Inyo rock daisy .	 is adapted to	 Inyo rock daisy	 the unique limestone soils	 of the mountains
A number of rare and endemic plants are adapted to the unique limestone soils of the mountains , including the cliffdweller , bristlecone cryptantha , and Inyo rock daisy .	 is	 the cliffdweller	 rare and endemic plant
A number of rare and endemic plants are adapted to the unique limestone soils of the mountains , including the cliffdweller , bristlecone cryptantha , and Inyo rock daisy .	 is	 bristlecone cryptantha	 rare and endemic plant
A number of rare and endemic plants are adapted to the unique limestone soils of the mountains , including the cliffdweller , bristlecone cryptantha , and Inyo rock daisy .	 is	 Inyo rock daisy	 rare and endemic plant 
A number of rare and endemic plants are adapted to the unique limestone soils of the mountains , including the cliffdweller , bristlecone cryptantha , and Inyo rock daisy .	 have	 the mountains	 unique limestone soils
A second factor is resource dependence ; there must be a perceptible threat of resource depletion , and it must be difficult to find substitutes .	 is	 A second factor 	 resource dependence
A second factor is resource dependence ; there must be a perceptible threat of resource depletion , and it must be difficult to find substitutes .	to find	it must be difficult	substitutes
A series of councils were held in 657 , 669 , 846 , 850 , 852 , 853 , 862 , 980 , 986 , 996 , 1048 , 1071 and 1080 .	were held in 	A series of councils 	 657 , 669 , 846 , 850 , 852 , 853 , 862 , 980 , 986 , 996 , 1048 , 1071 and 1080 
A series of councils were held in 657 , 669 , 846 , 850 , 852 , 853 , 862 , 980 , 986 , 996 , 1048 , 1071 and 1080 .	was held in 	 A council	 657
A series of councils were held in 657 , 669 , 846 , 850 , 852 , 853 , 862 , 980 , 986 , 996 , 1048 , 1071 and 1080 .	was held in 	 A council	 669
A series of councils were held in 657 , 669 , 846 , 850 , 852 , 853 , 862 , 980 , 986 , 996 , 1048 , 1071 and 1080 .	was held in 	 A council	 846
A series of councils were held in 657 , 669 , 846 , 850 , 852 , 853 , 862 , 980 , 986 , 996 , 1048 , 1071 and 1080 .	was held in 	 A council	 850
A series of councils were held in 657 , 669 , 846 , 850 , 852 , 853 , 862 , 980 , 986 , 996 , 1048 , 1071 and 1080 .	was held in 	 A council	 852
A series of councils were held in 657 , 669 , 846 , 850 , 852 , 853 , 862 , 980 , 986 , 996 , 1048 , 1071 and 1080 .	was held in 	 A council	 853
A series of councils were held in 657 , 669 , 846 , 850 , 852 , 853 , 862 , 980 , 986 , 996 , 1048 , 1071 and 1080 .	was held in 	 A council	 862
A series of councils were held in 657 , 669 , 846 , 850 , 852 , 853 , 862 , 980 , 986 , 996 , 1048 , 1071 and 1080 .	was held in 	 A council	 980
A series of councils were held in 657 , 669 , 846 , 850 , 852 , 853 , 862 , 980 , 986 , 996 , 1048 , 1071 and 1080 .	was held in 	 A council	 986
A series of councils were held in 657 , 669 , 846 , 850 , 852 , 853 , 862 , 980 , 986 , 996 , 1048 , 1071 and 1080 .	was held in 	 A council	 996
A series of councils were held in 657 , 669 , 846 , 850 , 852 , 853 , 862 , 980 , 986 , 996 , 1048 , 1071 and 1080 .	was held in 	 A council	 1048
A series of councils were held in 657 , 669 , 846 , 850 , 852 , 853 , 862 , 980 , 986 , 996 , 1048 , 1071 and 1080 .	was held in 	 A council	 1071
A series of councils were held in 657 , 669 , 846 , 850 , 852 , 853 , 862 , 980 , 986 , 996 , 1048 , 1071 and 1080 .	was held in 	 A council	 1080
A very early form of vaccination known as variolation was developed several thousand years ago in China .	was developed	 A very early form of vaccination	several thousand years ago 	 in China
A very early form of vaccination known as variolation was developed several thousand years ago in China .	 was known as 	 A very early form of vaccination 	 variolation
A very early form of vaccination known as variolation was developed several thousand years ago in China .	was developed	 variolation	several thousand years ago 	 in China
A year later , he was appointed Attorney-General for Ireland and on this occasion was sworn of the Privy Council of Ireland .	was appointed	 he 	Attorney-General	for Ireland	A year later
A year later , he was appointed Attorney-General for Ireland and on this occasion was sworn of the Privy Council of Ireland .	was sworn of 	he 	the Privy Council 	of Ireland	on this occasion	A year later
Adnan Latif was in a car accident in 1994 , during which he suffered significant head injuries , which left him with on-going neurological problems .	was in	Adnan Latif	a car accident	in 1994
Adnan Latif was in a car accident in 1994 , during which he suffered significant head injuries , which left him with on-going neurological problems .	suffered	he 	significant head injuries
Adnan Latif was in a car accident in 1994 , during which he suffered significant head injuries , which left him with on-going neurological problems .	suffered	Adnan Latif 	significant head injuries
Adnan Latif was in a car accident in 1994 , during which he suffered significant head injuries , which left him with on-going neurological problems . 	left him with 	 significant head injuries	on-going neurological problems
Adnan Latif was in a car accident in 1994 , during which he suffered significant head injuries , which left him with on-going neurological problems . 	left 	 significant head injuries	Adnan Latif	 with on-going neurological problems
After a break of four years , he became a Lord Justice of Appeal .	 became	he 	a Lord Justice of Appeal 	After a break of four years
After a short absence Keibler began a short feud with the evil Jillian Hall , which led to the two having a match on `` Velocity '' , which Keibler lost .	 began 	Keibler	a short feud 	with the evil Jillian Hill 	after a short absence 
After a short absence Keibler began a short feud with the evil Jillian Hall , which led to the two having a match on `` Velocity '' , which Keibler lost .	 led to 	a short feud	the two having a match on `` Velocity ''
After a short absence Keibler began a short feud with the evil Jillian Hall , which led to the two having a match on `` Velocity '' , which Keibler lost .	 having	the two 	 a match on `` Velocity ''
After a short absence Keibler began a short feud with the evil Jillian Hall , which led to the two having a match on `` Velocity '' , which Keibler lost .	 lost	Keibler 	 a match on `` Velocity ''
After leaving , he tried to find acting jobs and worked as an Elvis impersonator for a short time . 	tried 	he 	to find acting jobs 	After leaving 
After leaving , he tried to find acting jobs and worked as an Elvis impersonator for a short time . 	 worked as	he 	 an Elvis impersonator 	for a short time 	 After leaving 
After the Battle of Culloden in 1746 , these rebellions were crushed .	were crushed 	these rebellions	After the Battle of Culloden in 1746
After the Battle of Culloden in 1746 , these rebellions were crushed .	was in	the Battle of Culloden 	 1746
After the British capture of Madrid , Hill had responsibility for an army of 30,000 men .	had responsibility for 	Hill 	an army of 30,000 men 	 After the British capture of Madrid
After the British capture of Madrid , Hill had responsibility for an army of 30,000 men .	capture	British	Madrid
After this she became very ill with a severe cold or pneumonia . 	 became 	she 	very ill 	 with a severe cold or pneumonia 	 After this
Afterward he has joined Emma Frost 's Academy of Tomorrow , a school for gifted beings . 	 has joined 	he 	 Emma Frost 's Academy of Tomorrow	Afterward
Afterward he has joined Emma Frost 's Academy of Tomorrow , a school for gifted beings . 	 has joined 	he 	 a school for gifted beings	Afterward
Afterward he has joined Emma Frost 's Academy of Tomorrow , a school for gifted beings . 	 was	 Emma Frost 's Academy of Tomorrow	 a school for gifted beings
Afterward he has joined Emma Frost 's Academy of Tomorrow , a school for gifted beings . 	 has 	 Emma Frost 	Academy of Tomorrow
Agen would have another successful run in the 1940s , beginning with the 1943 season when they defeated Stade Bordelais 11 to 4 to win the Coupe de France .	would have 	Agen 	another successful run 	 in the 1940s
Agen would have another successful run in the 1940s , beginning with the 1943 season when they defeated Stade Bordelais 11 to 4 to win the Coupe de France .	defeated 	they 	 Stade Bordelais 11 to 4 	 to win the Coupe de France 	 in the 1943 season
Agen would have another successful run in the 1940s , beginning with the 1943 season when they defeated Stade Bordelais 11 to 4 to win the Coupe de France .	defeated 	Agen 	 Stade Bordelais 11 to 4 	 to win the Coupe de France 	 in the 1943 season
Agen would have another successful run in the 1940s , beginning with the 1943 season when they defeated Stade Bordelais 11 to 4 to win the Coupe de France .	win 	Agen 	 the Coupe de France 	 in the 1943 season
Alan , one of the crew , begins to behave strangely and Pete suggests taking a blood sample to check . 	 is 	Alan 	one of the crew
Alan , one of the crew , begins to behave strangely and Pete suggests taking a blood sample to check . 	 begins to 	 Alan 	 behave strangely
Alan , one of the crew , begins to behave strangely and Pete suggests taking a blood sample to check . 	 begins to 	 one of the crew 	 behave strangely
Alan , one of the crew , begins to behave strangely and Pete suggests taking a blood sample to check . 	 begins to 	 Alan 	 behave strangely
Alan , one of the crew , begins to behave strangely and Pete suggests taking a blood sample to check . 	 suggests 	 Pete 	taking a blood sample to check
Alexander supposedly said after this incident that he had never been so lucky in his entire career . 	 supposedly said 	Alexander 	 that he had never been so lucky in his entire career 	 after this incident
All officers are additionally equipped with less-lethal weapons for use against threats that do not justify a firearms response . 	equipped with 	 All officers 	 less-lethal weapons 
All officers are additionally equipped with less-lethal weapons for use against threats that do not justify a firearms response . 	 are for use against 	 less-lethal weapons 	 threats that do not justify a firearms response
All three had been photography students at The Art Center College of Design in Pasadena , California in 1979 when they became Newton 's longtime assistants , and all three went on to independent careers .	had been 	 All three 	 photography students 	 at The Art Center College of Design 	 in Pasadena , California	 in 1979 	when they became Newton 's longtime assistants 
All three had been photography students at The Art Center College of Design in Pasadena , California in 1979 when they became Newton 's longtime assistants , and all three went on to independent careers .	became 	 they 	 Newton 's longtime assistants	 in 1979
All three had been photography students at The Art Center College of Design in Pasadena , California in 1979 when they became Newton 's longtime assistants , and all three went on to independent careers .	 went on to 	 all three 	 independent careers
Along with these , there were also commissioners sent to the army , in charge of provisioning the army , policing and finances ; they would supervise accountants , providers , merchants , and generals , and attend war councils and tribunals for military crimes . 	 were sent to 	commissioners 	 the army
Along with these , there were also commissioners sent to the army , in charge of provisioning the army , policing and finances ; they would supervise accountants , providers , merchants , and generals , and attend war councils and tribunals for military crimes . 	 were in charge of 	commissioners sent to the army 	 provisioning the army
Along with these , there were also commissioners sent to the army , in charge of provisioning the army , policing and finances ; they would supervise accountants , providers , merchants , and generals , and attend war councils and tribunals for military crimes . 	 were in charge of 	 commissioners sent to the army 	 policing
Along with these , there were also commissioners sent to the army , in charge of provisioning the army , policing and finances ; they would supervise accountants , providers , merchants , and generals , and attend war councils and tribunals for military crimes . 	 were in charge of 	 commissioners sent to the army 	 finances
Along with these , there were also commissioners sent to the army , in charge of provisioning the army , policing and finances ; they would supervise accountants , providers , merchants , and generals , and attend war councils and tribunals for military crimes . 	 would supervise 	 they 	 accountants
Along with these , there were also commissioners sent to the army , in charge of provisioning the army , policing and finances ; they would supervise accountants , providers , merchants , and generals , and attend war councils and tribunals for military crimes . 	 would supervise 	 they 	 providers
Along with these , there were also commissioners sent to the army , in charge of provisioning the army , policing and finances ; they would supervise accountants , providers , merchants , and generals , and attend war councils and tribunals for military crimes . 	 would supervise 	 they 	 merchants
Along with these , there were also commissioners sent to the army , in charge of provisioning the army , policing and finances ; they would supervise accountants , providers , merchants , and generals , and attend war councils and tribunals for military crimes . 	 would supervise 	 they 	 generals
Along with these , there were also commissioners sent to the army , in charge of provisioning the army , policing and finances ; they would supervise accountants , providers , merchants , and generals , and attend war councils and tribunals for military crimes . 	 would attend 	 they 	  war councils
Along with these , there were also commissioners sent to the army , in charge of provisioning the army , policing and finances ; they would supervise accountants , providers , merchants , and generals , and attend war councils and tribunals for military crimes . 	 would attend 	 they 	  tribunals for military crimes
Along with these , there were also commissioners sent to the army , in charge of provisioning the army , policing and finances ; they would supervise accountants , providers , merchants , and generals , and attend war councils and tribunals for military crimes . 	 would supervise 	 commissioners sent to the army 	 accountants
Along with these , there were also commissioners sent to the army , in charge of provisioning the army , policing and finances ; they would supervise accountants , providers , merchants , and generals , and attend war councils and tribunals for military crimes . 	 would supervise 	 commissioners sent to the army 	 providers
Along with these , there were also commissioners sent to the army , in charge of provisioning the army , policing and finances ; they would supervise accountants , providers , merchants , and generals , and attend war councils and tribunals for military crimes . 	 would supervise 	 commissioners sent to the army 	 merchants
Along with these , there were also commissioners sent to the army , in charge of provisioning the army , policing and finances ; they would supervise accountants , providers , merchants , and generals , and attend war councils and tribunals for military crimes . 	 would supervise 	 commissioners sent to the army 	 generals
Along with these , there were also commissioners sent to the army , in charge of provisioning the army , policing and finances ; they would supervise accountants , providers , merchants , and generals , and attend war councils and tribunals for military crimes . 	 would attend 	 commissioners sent to the army 	  war councils
Along with these , there were also commissioners sent to the army , in charge of provisioning the army , policing and finances ; they would supervise accountants , providers , merchants , and generals , and attend war councils and tribunals for military crimes . 	 would attend 	 commissioners sent to the army 	  tribunals for military crimes
Also buried at Three Rivers cemetery are his first wife , Blanche , several members of the Blick family who had also pioneered 1890s Rhodesia with Burnham , Roderick , his granddaughter Martha Burnham Burleigh , and `` Pete '' Ingram , the Montana cowboy who had survived the Shangani Patrol massacre along with Burnham . 	 is buried at 	 his first wife	 Three Rivers cemetery
Also buried at Three Rivers cemetery are his first wife , Blanche , several members of the Blick family who had also pioneered 1890s Rhodesia with Burnham , Roderick , his granddaughter Martha Burnham Burleigh , and `` Pete '' Ingram , the Montana cowboy who had survived the Shangani Patrol massacre along with Burnham . 	 is buried at 	 Blanche 	 Three Rivers cemetery
Also buried at Three Rivers cemetery are his first wife , Blanche , several members of the Blick family who had also pioneered 1890s Rhodesia with Burnham , Roderick , his granddaughter Martha Burnham Burleigh , and `` Pete '' Ingram , the Montana cowboy who had survived the Shangani Patrol massacre along with Burnham . 	 are buried at 	several members of the Blick family 	 Three Rivers cemetery
Also buried at Three Rivers cemetery are his first wife , Blanche , several members of the Blick family who had also pioneered 1890s Rhodesia with Burnham , Roderick , his granddaughter Martha Burnham Burleigh , and `` Pete '' Ingram , the Montana cowboy who had survived the Shangani Patrol massacre along with Burnham . 	 is buried at 	 Roderick	 Three Rivers cemetery
Also buried at Three Rivers cemetery are his first wife , Blanche , several members of the Blick family who had also pioneered 1890s Rhodesia with Burnham , Roderick , his granddaughter Martha Burnham Burleigh , and `` Pete '' Ingram , the Montana cowboy who had survived the Shangani Patrol massacre along with Burnham . 	 is buried at 	 his granddaughter Martha Burnham Burleigh 	 Three Rivers cemetery
Also buried at Three Rivers cemetery are his first wife , Blanche , several members of the Blick family who had also pioneered 1890s Rhodesia with Burnham , Roderick , his granddaughter Martha Burnham Burleigh , and `` Pete '' Ingram , the Montana cowboy who had survived the Shangani Patrol massacre along with Burnham . 	 is buried at 	 `` Pete '' Ingram 	 Three Rivers cemetery
Also buried at Three Rivers cemetery are his first wife , Blanche , several members of the Blick family who had also pioneered 1890s Rhodesia with Burnham , Roderick , his granddaughter Martha Burnham Burleigh , and `` Pete '' Ingram , the Montana cowboy who had survived the Shangani Patrol massacre along with Burnham . 	 had also pioneered 	 several members of the Blick family 	 1890s Rhodesia 	 with Burnham
Also buried at Three Rivers cemetery are his first wife , Blanche , several members of the Blick family who had also pioneered 1890s Rhodesia with Burnham , Roderick , his granddaughter Martha Burnham Burleigh , and `` Pete '' Ingram , the Montana cowboy who had survived the Shangani Patrol massacre along with Burnham . 	 had survived 	 the Montana cowboy 	 the Shangani Patrol massacre 	 along with Burnham
Also buried at Three Rivers cemetery are his first wife , Blanche , several members of the Blick family who had also pioneered 1890s Rhodesia with Burnham , Roderick , his granddaughter Martha Burnham Burleigh , and `` Pete '' Ingram , the Montana cowboy who had survived the Shangani Patrol massacre along with Burnham . 	 had survived 	 `` Pete '' Ingram 	 the Shangani Patrol massacre 	 along with Burnham
Also buried at Three Rivers cemetery are his first wife , Blanche , several members of the Blick family who had also pioneered 1890s Rhodesia with Burnham , Roderick , his granddaughter Martha Burnham Burleigh , and `` Pete '' Ingram , the Montana cowboy who had survived the Shangani Patrol massacre along with Burnham . 	 is 	 `` Pete '' Ingram 	 the Montana cowboy 	who had survived the Shangani Patrol massacre along with Burnham
Although in Flanders , the Flemish Region assigned all of its powers to the Flemish Community , the Walloon Region remains in principle distinct from and independent from the French Community , and vice-versa . 	 assigned 	the Flemish Region 	 all of its powers 	 to the Flemish Community 	 in Flanders
Although in Flanders , the Flemish Region assigned all of its powers to the Flemish Community , the Walloon Region remains in principle distinct from and independent from the French Community , and vice-versa . 	remains in principle distinct from 	the Walloon Region 	 the French Community 
Although in Flanders , the Flemish Region assigned all of its powers to the Flemish Community , the Walloon Region remains in principle distinct from and independent from the French Community , and vice-versa . 	remains independent from 	the Walloon Region 	 the French Community
Although the Algeciras Conference temporarily solved the First Moroccan Crisis , it only worsened the tensions between the Triple Alliance and Triple Entente that ultimately led to the First World War . 	 temporarily solved 	 the Algeciras Conference 	the First Moroccan Crisis
Although the Algeciras Conference temporarily solved the First Moroccan Crisis , it only worsened the tensions between the Triple Alliance and Triple Entente that ultimately led to the First World War . 	 worsened 	 the Algeciras Conference 	tensions between the Triple Alliance and Triple Entente
Although the Algeciras Conference temporarily solved the First Moroccan Crisis , it only worsened the tensions between the Triple Alliance and Triple Entente that ultimately led to the First World War . 	 worsened 	 it 	tensions between the Triple Alliance and Triple Entente
Although the Algeciras Conference temporarily solved the First Moroccan Crisis , it only worsened the tensions between the Triple Alliance and Triple Entente that ultimately led to the First World War . 	 led to 	 the tensions between the Triple Alliance and Triple Entente 	 the First World War 	 ultimately
Although the villages were located close to industrial sites , they were generally physically separated from them and generally consisted of relatively high quality housing , with integrated community amenities and attractive physical environments .	were located 	 the villages 	close to industrial sites
Although the villages were located close to industrial sites , they were generally physically separated from them and generally consisted of relatively high quality housing , with integrated community amenities and attractive physical environments . 	were generally physically separated 	 they 	 from them
Although the villages were located close to industrial sites , they were generally physically separated from them and generally consisted of relatively high quality housing , with integrated community amenities and attractive physical environments . 	were generally physically separated from 	 the villages 	 industrial sites
Although the villages were located close to industrial sites , they were generally physically separated from them and generally consisted of relatively high quality housing , with integrated community amenities and attractive physical environments . 	generally consisted of 	 they 	 relatively high quality housing 	 with integrated community amenities
Although the villages were located close to industrial sites , they were generally physically separated from them and generally consisted of relatively high quality housing , with integrated community amenities and attractive physical environments . 	generally consisted of 	 the villages 	 relatively high quality housing 	 with integrated community amenities
Although the villages were located close to industrial sites , they were generally physically separated from them and generally consisted of relatively high quality housing , with integrated community amenities and attractive physical environments . 	generally consisted of 	 they 	 relatively high quality housing 	 with attractive physical environments
Although the villages were located close to industrial sites , they were generally physically separated from them and generally consisted of relatively high quality housing , with integrated community amenities and attractive physical environments . 	generally consisted of 	 the villages 	 relatively high quality housing 	 with attractive physical environments
An `` Dangaioh '' adventure game was released for the PC-8801 in Japan in April 1990 . 	was released 	An `` Dangaioh '' adventure game 	for the PC-8801 	in Japan	 in April 1990
Arminius , leader of the Cherusci and allies , now had a free hand . 	had a free hand 	 Arminius 	 now
Arminius , leader of the Cherusci and allies , now had a free hand . 	is leader of	 Arminius 	the Cherusci
Arminius , leader of the Cherusci and allies , now had a free hand . 	is leader of 	 Arminius 	allies
Around the `` triangle area , '' which includes Quanzhou , Xiamen and Zhangzhou , locals all speak Minnan languages .	speak	all locals 	Minnan languages 	Around the `` triangle area, ''
Around the `` triangle area , '' which includes Quanzhou , Xiamen and Zhangzhou , locals all speak Minnan languages .	 includes 	the `` triangle area 	Quanzhou
Around the `` triangle area , '' which includes Quanzhou , Xiamen and Zhangzhou , locals all speak Minnan languages .	 includes 	the `` triangle area 	Xiamen
Around the `` triangle area , '' which includes Quanzhou , Xiamen and Zhangzhou , locals all speak Minnan languages .	 includes 	the `` triangle area 	 Zhangzhou
Arrangements were made for mid-August performances in 1944 , but , following the 20 July plot to assassinate Hitler , Joseph Goebbels declared `` total war '' and closed all theatres within the Third Reich , resulting in the work not being allowed a public staging .	were made 	Arrangements 	for mid-August performances 	 in 1944
Arrangements were made for mid-August performances in 1944 , but , following the 20 July plot to assassinate Hitler , Joseph Goebbels declared `` total war '' and closed all theatres within the Third Reich , resulting in the work not being allowed a public staging .	declared 	Joseph Goebbels 	 `` total war '' 	following the 20 July plot to assassinate Hitler 
Arrangements were made for mid-August performances in 1944 , but , following the 20 July plot to assassinate Hitler , Joseph Goebbels declared `` total war '' and closed all theatres within the Third Reich , resulting in the work not being allowed a public staging .	closed 	Joseph Goebbels 	 all theatres 	within the Third Reich 	following the 20 July plot to assassinate Hitler 	resulting in the work not being allowed a public staging .
Arrangements were made for mid-August performances in 1944 , but , following the 20 July plot to assassinate Hitler , Joseph Goebbels declared `` total war '' and closed all theatres within the Third Reich , resulting in the work not being allowed a public staging .	not being allowed 	the work 	a public staging
Arrangements were made for mid-August performances in 1944 , but , following the 20 July plot to assassinate Hitler , Joseph Goebbels declared `` total war '' and closed all theatres within the Third Reich , resulting in the work not being allowed a public staging .	to assasinate 	 plot 	Hitler	on 20 July
As a result , environmental factors are also understood to contribute heavily to the strength of intimate relationships .	are also understood to 	environmental factors 	contribute heavily	 to the strength of intimate relationships
As a result , environmental factors are also understood to contribute heavily to the strength of intimate relationships .	contribute heavily to 	 environmental factors are also understood to 	the strength of intimate relationships
As she reads the articles , she also makes veiled references and innuendo relating to the slang use of `` beaver '' .	reads 	she 	the articles
As she reads the articles , she also makes veiled references and innuendo relating to the slang use of `` beaver '' .	makes 	she 	veiled references 	relating to the slang use of `` beaver ''
As she reads the articles , she also makes veiled references and innuendo relating to the slang use of `` beaver '' .	makes 	she 	innuendo 	relating to the slang use of `` beaver ''
As the student of Torah ascends through the thought of the Pardes system , as the interpretations become more inward and spiritual , it becomes progressively understood that God desires man 's observance of the Jewish precepts , so to speak .	ascends thorugh	the student of Torah 	 the thought of the Pardes system 
As the student of Torah ascends through the thought of the Pardes system , as the interpretations become more inward and spiritual , it becomes progressively understood that God desires man 's observance of the Jewish precepts , so to speak .	become 	the interpretations 	more inward
As the student of Torah ascends through the thought of the Pardes system , as the interpretations become more inward and spiritual , it becomes progressively understood that God desires man 's observance of the Jewish precepts , so to speak .	become 	the interpretations 	more spiritual
As the student of Torah ascends through the thought of the Pardes system , as the interpretations become more inward and spiritual , it becomes progressively understood that God desires man 's observance of the Jewish precepts , so to speak .	becomes progressively understood 	it 	that God desires man 's observance of the Jewish precepts
At Vitoria and in Wellington 's invasion of southern France , Hill corps usually consisted of William Stewart 's 2nd Division , the Portuguese Division and Pablo Morillo 's Spanish Division .	usually consisted of 	Hill corps 	William Stewart 's 2nd Division , the Portuguese Division and Pablo Morillo 's Spanish Division 	At Vitoria
At Vitoria and in Wellington 's invasion of southern France , Hill corps usually consisted of William Stewart 's 2nd Division , the Portuguese Division and Pablo Morillo 's Spanish Division .	usually consisted of 	Hill corps 	William Stewart 's 2nd Division , the Portuguese Division and Pablo Morillo 's Spanish Division 	in Wellington 's invasion
At Vitoria and in Wellington 's invasion of southern France , Hill corps usually consisted of William Stewart 's 2nd Division , the Portuguese Division and Pablo Morillo 's Spanish Division .	has 	William Stewart 	2nd Division
At Vitoria and in Wellington 's invasion of southern France , Hill corps usually consisted of William Stewart 's 2nd Division , the Portuguese Division and Pablo Morillo 's Spanish Division .	has 	Pablo Morillo 	Spanish Division
At first , she seems happy with this arrangement . 	seems 	she 	happy 	 with this arrangement 	At first
At the end of 2008 the Uzbek-Italian Joint Venture Roison-Candy was established by the Uzbek Limited Liability Company Roison Electronics with partnership of Candy Group .	was established by 	the Uzbek-Italian Joint Venture Roison-Candy 	the Uzbek Limited Liability Company Roison Electronics	 with partnership of Candy Group 	At the end of 2008
At the end of 2008 the Uzbek-Italian Joint Venture Roison-Candy was established by the Uzbek Limited Liability Company Roison Electronics with partnership of Candy Group .	was 	 Roison-Candy 	 Uzbek-Italian Joint Venture
At the end of 2008 the Uzbek-Italian Joint Venture Roison-Candy was established by the Uzbek Limited Liability Company Roison Electronics with partnership of Candy Group .	was 	 Roison Electronics 	 Uzbek Limited Liability Company 
At this point , the player confronts a boss , who is usually considerably larger and tougher than regular enemies .	confronts 	the player 	 a boss 	 At this point
At this point , the player confronts a boss , who is usually considerably larger and tougher than regular enemies . 	is usually considerably larger than 	a boss 	regular enemies
At this point , the player confronts a boss , who is usually considerably larger and tougher than regular enemies . 	is usually considerably tougher than 	a boss 	regular enemies
Australian Amber Wing was the first woman to land a ts fs wake to wake 900 . 	 was the first woman to land	Amber Wing 	a ts fs wake to wake 900
Australian Amber Wing was the first woman to land a ts fs wake to wake 900 . 	 was	Amber Wing 	 from Australia
Autostereoscopy is any method of displaying stereoscopic images without the use of special headgear or glasses on the part of the viewer .	is 	Autostereoscopy 	any method of displaying stereoscopic images without the use of special headgear or glasses on the part of the viewer .
Baako 's grandmother Naana , a blind-seer , stands in living contact with the ancestors .	 stands in living contact with 	Naana 	 the ancestors
Baako 's grandmother Naana , a blind-seer , stands in living contact with the ancestors . 	is 	Naana 	 a blind-seer
Baako 's grandmother Naana , a blind-seer , stands in living contact with the ancestors . 	 is grandmother of 	Naana 	Baako
Back at the hotel , Taylor went ahead of Lemmy and told him `` Eddie 's left the band '' . 	went ahead of 	Taylor 	Lemmy 	Back at the hotel
Back at the hotel , Taylor went ahead of Lemmy and told him `` Eddie 's left the band '' . 	told 	Taylor 	him	 `` Eddie 's left the band 	Back at the hotel
Back at the hotel , Taylor went ahead of Lemmy and told him `` Eddie 's left the band '' . 	told 	Taylor 	Lemmy	 `` Eddie 's left the band 	Back at the hotel
Ballast tanks are equipped to change a ship 's trim and modify its stability . 	are equipped to 	Ballast tanks 	change 	a ship 's trim
Ballast tanks are equipped to change a ship 's trim and modify its stability . 	are equipped to 	Ballast tanks 	modify 	its stability
Ballast tanks are equipped to change a ship 's trim and modify its stability . 	has	 a ship 	 a trim
Because of this association , St. Michael was considered to be the patron saint of colonial Maryland , and as such was honored by the river being named for him . 	was considered to be 	 St. Michael 	 the patron saint of colonial Maryland	Because of this association
Because of this association , St. Michael was considered to be the patron saint of colonial Maryland , and as such was honored by the river being named for him . 	was honored by 	 St. Michael 	the river being named for him
Blackburne 's statement that he `` would not tolerate a refusal to ratify the appointment '' , is an indication of the influence which could then be wielded by a strong Attorney General . 	 is	Blackburne 's statement 	that he `` would not tolerate a refusal to ratify the appointment '' 
Blackburne 's statement that he `` would not tolerate a refusal to ratify the appointment '' , is an indication of the influence which could then be wielded by a strong Attorney General .	 is an indication of 	Blackburne 's statement 	the influence 	 which could then be wielded by a strong Attorney General .
Blagoja ` Billy ' Celeski is an Australian footballer who plays as a midfielder for the Newcastle Jets . 	 plays as 	Blagoja ` Billy ' Celeski 	 a midfielder	 for the Newcastle Jets .
Blagoja ` Billy ' Celeski is an Australian footballer who plays as a midfielder for the Newcastle Jets . 	 is 	Blagoja ` Billy ' Celeski 	 an Australian footballer
Blagoja ` Billy ' Celeski is an Australian footballer who plays as a midfielder for the Newcastle Jets . 	 is footballer from 	 Blagoja ` Billy ' Celeski  	 Australia
